Samples,Plate,Well_Position,Organism,Type,T_cruzi,TC_DTU,Origin,Host_Taxa,Instar,Instar_range,Sex,Engorged,Engorgement,Locality,State,Nest,Latitude,Longitude,date_sampled,note_appearance,Description,prePCR_concentration,postPCR_concentration,,,
AA1883,LAST,A3,Menacanthus,sample,NA,NA,field,Morioli,NA,NA,NA,NA,NA,NA,NA,NA,NA,NA,NA,NA,AA1883,36.421,16.745,,,
AA7868A,LAST,B3,Menacanthus,sample,NA,NA,field,Morioli,NA,NA,NA,NA,NA,NA,NA,NA,NA,NA,NA,NA,AA7868A,NA,19.675,,,
AA7868B,LAST,F2,Menacanthus,sample,NA,NA,field,Morioli,NA,NA,NA,NA,NA,NA,NA,NA,NA,NA,NA,NA,AA7868B,103.764,16.154,,,
AA7879C,LAST,G2,Menacanthus,sample,NA,NA,field,Morioli,NA,NA,NA,NA,NA,NA,NA,NA,NA,NA,NA,NA,AA7879C,113.904,31.711,,,
AndImp8,LAST,C2,Menacanthus,sample,NA,NA,field,Morioli,NA,NA,NA,NA,NA,NA,NA,NA,NA,NA,NA,NA,AndImp8,7.579,15.626,,,
CA12402,LAST,D2,Menacanthus,sample,NA,NA,field,Morioli,NA,NA,NA,NA,NA,NA,NA,NA,NA,NA,NA,NA,CA12402,NA,16.464,,,
CC929000,LAST,E2,Menacanthus,sample,NA,NA,field,Morioli,NA,NA,NA,NA,NA,NA,NA,NA,NA,NA,NA,NA,CC929000,39.205,19.563,,,
K58945A,LAST,H2,Menacanthus,sample,NA,NA,field,Morioli,NA,NA,NA,NA,NA,NA,NA,NA,NA,NA,NA,NA,K58945A,NA,32.62,,,
K58945B,LAST,C3,Menacanthus,sample,NA,NA,field,Morioli,NA,NA,NA,NA,NA,NA,NA,NA,NA,NA,NA,NA,K58945B,9.03,15.344,,,
V123,LAST,E3,Menacanthus,sample,NA,NA,field,Morioli,NA,NA,NA,NA,NA,NA,NA,NA,NA,NA,NA,NA,V123,NA,15.358,,,
V124,LAST,D3,Menacanthus,sample,NA,NA,field,Morioli,NA,NA,NA,NA,NA,NA,NA,NA,NA,NA,NA,NA,V124,49.028,16.172,,,
JC5i4A2,1,D12,Triatoma,sample,N,N,colony,NA,L4,L4_6,NA,yes,2,JC,AZ,JC,32.241693,-111.00941,10.7.2018,cockroach,JC5i4A2,199.429,20.033,,,
TU34i5A3,1,F4,Triatoma,sample,N,N,field,NA,L5,L4_6,NA,yes,3,UADS,AZ,nest4,32.25675,-111.08572,9.7.2018,NA,TU34i5A3,111.737,12.256,,,
TU79i5A3,1,H7,Triatoma,sample,N,N,field,NA,L5,L4_6,NA,yes,3,UADS,AZ,nest13,32.252297,-111.08656,12.7..2018,NA,TU79i5A3,89.858,9.698,,,
LC2i2B2,2,F1,Triatoma,sample,N,N,field,Tprotracta,L2,L1_3,NA,yes,2,LCNCA,AZ,nest1,31.75895,-110.60454,2.7.2018,NA,LC2i2B2,20.663,22.041,,,
LC5i1C3,2,D3,Triatoma,sample,N,N,field,NA,L1,L1_3,NA,yes,3,LCNCA,AZ,nest1,31.75895,-110.60454,2.7.2018,Gryllus,LC5i1C3,26.354,11.933,,,
LC7i2D2,2,A4,Triatoma,sample,N,N,field,NA,L2,L1_3,NA,yes,2,LCNCA,AZ,nest1,31.75895,-110.60454,2.7.2018,Gryllus,LC7i2D2,272.487,12.218,,,
nk1,2,G12,Nkisolation,negativecontrol,NA,NA,NA,NA,NA,NA,NA,NA,NA,NA,NA,NA,NA,NA,NA,NA,nk1,0.24,7.574,,,
nk2,2,H12,PCRwater,negativecontrol,NA,NA,NA,NA,NA,NA,NA,NA,NA,NA,NA,NA,NA,NA,NA,NA,nk2,1.189,8.342,,,
22DS,LAST,G3,DasaSample,sample,NA,NA,NA,NA,NA,NA,NA,NA,NA,NA,NA,NA,NA,NA,NA,NA,22DS,NA,50.256,,,
28DS,LAST,H3,DasaSample,sample,NA,NA,NA,NA,NA,NA,NA,NA,NA,NA,NA,NA,NA,NA,NA,NA,28DS,NA,40.023,,,
36DS,LAST,A4,DasaSample,sample,NA,NA,NA,NA,NA,NA,NA,NA,NA,NA,NA,NA,NA,NA,NA,NA,36DS,NA,36.958,,,
7DS,LAST,F3,DasaSample,sample,NA,NA,NA,NA,NA,NA,NA,NA,NA,NA,NA,NA,NA,NA,NA,NA,7DS,NA,54.554,,,
MCE2,LAST,F6,MockEqual,positivecontrol,NA,NA,NA,NA,NA,NA,NA,NA,NA,NA,NA,NA,NA,NA,NA,NA,MCE2,NA,69.972,,,
MCS2,LAST,G6,MockScatered,positivecontrol,NA,NA,NA,NA,NA,NA,NA,NA,NA,NA,NA,NA,NA,NA,NA,NA,MCS2,NA,31.293,,,
Nkwater,LAST,A1,PCRwater,negativecontrol,NA,NA,NA,NA,NA,NA,NA,NA,NA,NA,NA,NA,NA,NA,NA,NA,Nkwater,5.774,15.844,,,
MCE1,NIC,D12,MockEqual,positivecontrol,NA,NA,NA,NA,NA,NA,NA,NA,NA,NA,NA,NA,NA,NA,NA,NA,MCE1,NA,30.361,,,
MCS1,NIC,E12,MockScatered,positivecontrol,NA,NA,NA,NA,NA,NA,NA,NA,NA,NA,NA,NA,NA,NA,NA,NA,MCS1,NA,36.617,,,
NKISO2,NIC,G12,Nkisolation,negativecontrol,NA,NA,NA,NA,NA,NA,NA,NA,NA,NA,NA,NA,NA,NA,NA,NA,NKISO2,NA,2.903,,,
PCR01,NIC,H12,PCRwater,negativecontrol,NA,NA,NA,NA,NA,NA,NA,NA,NA,NA,NA,NA,NA,NA,NA,NA,PCR01,NA,3.48,,,
MCEREP,REP,D12,MockEqual,positivecontrol,NA,NA,NA,NA,NA,NA,NA,NA,NA,NA,NA,NA,NA,NA,NA,NA,MCEREP,NA,43.103,,,
MCSREP,REP,E12,MockScatered,positivecontrol,NA,NA,NA,NA,NA,NA,NA,NA,NA,NA,NA,NA,NA,NA,NA,NA,MCSREP,NA,16.05,,,
NKISO1,REP,G12,Nkisolation,negativecontrol,NA,NA,NA,NA,NA,NA,NA,NA,NA,NA,NA,NA,NA,NA,NA,NA,NKISO1,NA,3.246,,,
PCR0,REP,H12,PCRwater,negativecontrol,NA,NA,NA,NA,NA,NA,NA,NA,NA,NA,NA,NA,NA,NA,NA,NA,PCR0,NA,3.2,,,
PKRPL5R1C,LAST,H6,PKRhodnius,sample,NA,NA,colony,Rprolixus,L5,L4_6,NA,NA,NA,NA,NA,NA,NA,NA,NA,NA,PKRPL5R1C,NA,59.986,,,
PKRPL5R1B,NIC,F12,PKRhodnius,sample,NA,NA,colony,Rprolixus,L5,L4_6,NA,yes,NA,NA,NA,NA,NA,NA,NA,NA,PKRPL5R1B,NA,42.996,,,
PKRPL5R1A,REP,F12,PKRhodnius,sample,NA,NA,colony,Rprolixus,L5,L4_6,NA,yes,NA,NA,NA,NA,NA,NA,NA,NA,PKRPL5R1A,NA,30.126,,,
LC1A,LAST,B4,Reduvius,sample,NA,NA,field,Rsp,L5,L4_6,NA,NA,NA,LCNCA,AZ,nest5,31.76432,-110.62289,6/7/2018,NA,LC1A,NA,26.828,,,
LC2A,LAST,C4,Reduvius,sample,NA,NA,field,Rsp,L4,L4_6,NA,NA,NA,LCNCA,AZ,nest5,31.76432,-110.62289,6/7/2018,NA,LC2A,179.343,38.232,,,
LC2B,LAST,D4,Reduvius,sample,NA,NA,field,Rsp,L4,L4_6,NA,NA,NA,LCNCA,AZ,nest5,31.76432,-110.62289,6/7/2018,NA,LC2B,76.661,36.261,,,
LC2C,LAST,E4,Reduvius,sample,NA,NA,field,Rsp,L4,L4_6,NA,NA,NA,LCNCA,AZ,nest5,31.76432,-110.62289,6/7/2018,NA,LC2C,461.966,36.723,,,
LC2D,LAST,F4,Reduvius,sample,NA,NA,field,Rsp,L4,L4_6,NA,NA,NA,LCNCA,AZ,nest5,31.76432,-110.62289,6/7/2018,NA,LC2D,220.121,29.663,,,
LC2E,LAST,G4,Reduvius,sample,NA,NA,field,Rsp,L4,L4_6,NA,NA,NA,LCNCA,AZ,nest5,31.76432,-110.62289,6/7/2018,NA,LC2E,268.001,41.006,,,
LC4A,LAST,H4,Reduvius,sample,NA,NA,field,Rsp,L3,L1_3,NA,NA,NA,LCNCA,AZ,nest5,31.76432,-110.62289,6/7/2018,NA,LC4A,195.309,40.676,,,
LC4B,LAST,A5,Reduvius,sample,NA,NA,field,Rsp,L3,L1_3,NA,NA,NA,LCNCA,AZ,nest5,31.76432,-110.62289,6/7/2018,NA,LC4B,126.101,28.488,,,
LC4C,LAST,B5,Reduvius,sample,NA,NA,field,Rsp,L3,L1_3,NA,NA,NA,LCNCA,AZ,nest5,31.76432,-110.62289,6/7/2018,NA,LC4C,8.26,28.415,,,
LC4D,LAST,C5,Reduvius,sample,NA,NA,field,Rsp,L3,L1_3,NA,NA,NA,LCNCA,AZ,nest5,31.76432,-110.62289,6/7/2018,NA,LC4D,108.876,41.228,,,
LC5A,LAST,D5,Reduvius,sample,NA,NA,field,Rsp,L3,L1_3,NA,NA,NA,LCNCA,AZ,nest5,31.76432,-110.62289,6/7/2018,NA,LC5A,50.302,18.385,,,
LC5B,LAST,E5,Reduvius,sample,NA,NA,field,Rsp,L3,L1_3,NA,NA,NA,LCNCA,AZ,nest5,31.76432,-110.62289,6/7/2018,NA,LC5B,133.013,19.485,,,
LC5C,LAST,F5,Reduvius,sample,NA,NA,field,Rsp,L3,L1_3,NA,NA,NA,LCNCA,AZ,nest5,31.76432,-110.62289,6/7/2018,NA,LC5C,116.457,20.837,,,
LC6A,LAST,G5,Reduvius,sample,NA,NA,field,Rsp,L2,L1_3,NA,NA,NA,LCNCA,AZ,nest5,31.76432,-110.62289,6/7/2018,NA,LC6A,21.249,31.103,,,
LC6B,LAST,H5,Reduvius,sample,NA,NA,field,Rsp,L2,L1_3,NA,NA,NA,LCNCA,AZ,nest5,31.76432,-110.62289,6/7/2018,NA,LC6B,28.359,32.22,,,
LC6C,LAST,A6,Reduvius,sample,NA,NA,field,Rsp,L2,L1_3,NA,NA,NA,LCNCA,AZ,nest5,31.76432,-110.62289,6/7/2018,NA,LC6C,25.328,17.533,,,
LC6D,LAST,B6,Reduvius,sample,NA,NA,field,Rsp,L2,L1_3,NA,NA,NA,LCNCA,AZ,nest5,31.76432,-110.62289,6/7/2018,NA,LC6D,27.644,21.376,,,
LC6E,LAST,C6,Reduvius,sample,NA,NA,field,Rsp,L2,L1_3,NA,NA,NA,LCNCA,AZ,nest5,31.76432,-110.62289,6/7/2018,NA,LC6E,16.568,22.623,,,
LC6F,LAST,D6,Reduvius,sample,NA,NA,field,Rsp,L2,L1_3,NA,NA,NA,LCNCA,AZ,nest5,31.76432,-110.62289,6/7/2018,NA,LC6F,NA,29.721,,,
LC6G,LAST,E6,Reduvius,sample,NA,NA,field,Rsp,L2,L1_3,NA,NA,NA,LCNCA,AZ,nest5,31.76432,-110.62289,6/7/2018,NA,LC6G,7.42,20.767,,,
1CB01A,REP,D2,Triatoma,sample,P,Tc2,field,Tgerstaeckeri,L6,L4_6,female,no,NA,Camp_Bullis,TX,0,NA,NA,6/29/2017,NA,1CB01A,NA,44.635,,,
1L01A,REP,A1,Triatoma,sample,P,TcMIX,field,Tgerstaeckeri,L6,L4_6,male,no,NA,Lackland_AFB,TX,0,29.37695,-98.68455,6/30/2017,NA,1L01A,NA,42.286,,,
1L02A,REP,C6,Triatoma,sample,N,N,field,Tgerstaeckeri,L2,L1_3,NA,no,NA,Lackland_AFB,TX,0,29.37695,-98.68455,6/30/2017,NA,1L02A,NA,24.773,,,
1L06A,REP,B1,Triatoma,sample,N,N,field,Tgerstaeckeri,L4,L4_6,NA,no,NA,Lackland_AFB,TX,0,29.37695,-98.68455,6/30/2017,NA,1L06A,NA,56.443,,,
1L10A,REP,C1,Triatoma,sample,N,N,field,Tgerstaeckeri,L5,L4_6,NA,no,NA,Lackland_AFB,TX,0,29.37695,-98.68455,6/30/2017,NA,1L10A,NA,63.728,,,
1L14A,REP,D1,Triatoma,sample,N,N,field,Tgerstaeckeri,L3,L1_3,NA,no,NA,Lackland_AFB,TX,0,29.37695,-98.68455,6/30/2017,NA,1L14A,NA,50.925,,,
1W05A,REP,E2,Triatoma,sample,N,N,field,Tgerstaeckeri,L3,L1_3,NA,NA,NA,AFB,TX,0,NA,NA,NA,NA,1W05A,NA,85.495,,,
2CH05A,REP,C12,Triatoma,sample,N,N,field,Tgerstaeckeri,L1,L1_3,NA,NA,NA,Chaparral,TX,nest2,28.38067,-99.44571,7/14/2017,normal,2CH05A,NA,7.24,,,
2CH08A,REP,F10,Triatoma,sample,N,N,field,Tgerstaeckeri,L2,L1_3,NA,yes,NA,Chaparral,TX,nest2,28.38067,-99.44571,7/14/2017,whitish,2CH08A,NA,42.071,,,
2CH10A,REP,G10,Triatoma,sample,N,N,field,Tgerstaeckeri,L2,L1_3,NA,yes,NA,Chaparral,TX,nest2,28.38067,-99.44571,7/14/2017,green,2CH10A,NA,64.151,,,
2CH11A,REP,H10,Triatoma,sample,N,N,field,Tgerstaeckeri,L2,L1_3,NA,NA,NA,Chaparral,TX,nest2,28.38067,-99.44571,7/14/2017,normal,2CH11A,NA,32.91,,,
2CH12A,REP,H11,Triatoma,sample,N,N,field,Tgerstaeckeri,L1,L1_3,NA,yes,NA,Chaparral,TX,nest2,28.38067,-99.44571,7/12/2017,green,2CH12A,NA,24.062,,,
2CH13A,REP,A11,Triatoma,sample,N,N,field,Tgerstaeckeri,L2,L1_3,NA,NA,NA,Chaparral,TX,nest2,28.38067,-99.44571,7/12/2017,green,2CH13A,NA,7.327,,,
2CH15A,REP,B11,Triatoma,sample,N,N,field,Tgerstaeckeri,L2,L1_3,NA,NA,NA,Chaparral,TX,nest2,28.38067,-99.44571,7/12/2017,green,2CH15A,NA,9.564,,,
2CH16G,REP,E9,Triatoma,sample,FALSE,Undetermined,field,Tgerstaeckeri,L4,L4_6,NA,NA,1,Chaparral,TX,nest2,28.38067,-99.44571,7/12/2017,weird,2CH16G,NA,18.202,,,
2CH19G,REP,G9,Triatoma,sample,N,N,field,Tgerstaeckeri,L3,L1_3,NA,NA,2,Chaparral,TX,nest2,28.38067,-99.44571,7/12/2017,normal,2CH19G,NA,18.373,,,
2CH20G,REP,H9,Triatoma,sample,N,N,field,Tgerstaeckeri,L3,L1_3,NA,NA,0,Chaparral,TX,nest2,28.38067,-99.44571,7/12/2017,green,2CH20G,NA,9.761,,,
2CH22G,REP,A10,Triatoma,sample,N,N,field,Tgerstaeckeri,L3,L1_3,NA,NA,2,Chaparral,TX,nest2,28.38067,-99.44571,7/12/2017,normal,2CH22G,NA,15.018,,,
2CH24A,REP,C11,Triatoma,sample,N,N,field,Tgerstaeckeri,L2,L1_3,NA,yes,NA,Chaparral,TX,nest2,28.38067,-99.44571,7/12/2017,green,2CH24A,NA,47.259,,,
2CH26A,REP,D11,Triatoma,sample,P,Tc1,field,Tgerstaeckeri,L2,L1_3,NA,no,NA,Chaparral,TX,nest2,28.38067,-99.44571,7/12/2017,normal,2CH26A,NA,19.83,,,
2CH27G,REP,F9,Triatoma,sample,P,TcMIX,field,Tgerstaeckeri,L4,L4_6,NA,NA,2,Chaparral,TX,nest2,28.38067,-99.44571,7/12/2017,normal,2CH27G,NA,24.619,,,
2CH29G,REP,C9,Triatoma,sample,N,N,field,Tgerstaeckeri,L5,L4_6,NA,no,2,Chaparral,TX,nest2,28.38067,-99.44571,7/13/2017,normal,2CH29G,NA,17.679,,,
2CH31G,REP,B10,Triatoma,sample,N,N,field,Tgerstaeckeri,L3,L1_3,NA,NA,0,Chaparral,TX,nest2,28.38067,-99.44571,7/13/2017,green,2CH31G,NA,18.216,,,
2CH32G,REP,C10,Triatoma,sample,N,N,field,Tgerstaeckeri,L3,L1_3,NA,NA,2,Chaparral,TX,nest2,28.38067,-99.44571,7/13/2017,normal,2CH32G,NA,20.608,,,
2CH37A,REP,E11,Triatoma,sample,N,N,field,Tgerstaeckeri,L2,L1_3,NA,no,NA,Chaparral,TX,nest2,28.38067,-99.44571,7/13/2017,whitish,2CH37A,NA,24.667,,,
2CH48A,REP,A12,Triatoma,sample,N,N,field,Tgerstaeckeri,L1,L1_3,NA,yes,NA,Chaparral,TX,nest2,28.38067,-99.44571,7/13/2017,whitish,2CH48A,NA,16.921,,,
2CH49G,REP,D9,Triatoma,sample,N,N,field,Tgerstaeckeri,L5,L4_6,NA,yes,4,Chaparral,TX,nest2,28.38067,-99.44571,7/12/2017,yellow_faeces,2CH49G,NA,27.745,,,
2CH53G,REP,D10,Triatoma,sample,P,Tc2,field,Tgerstaeckeri,L3,L1_3,NA,NA,2,Chaparral,TX,nest2,28.38067,-99.44571,7/12/2017,normal,2CH53G,NA,29.124,,,
2CH54G,REP,E10,Triatoma,sample,N,N,field,Tgerstaeckeri,L3,L1_3,NA,NA,1,Chaparral,TX,nest2,28.38067,-99.44571,7/12/2017,normal,2CH54G,NA,19.926,,,
2CH55A,REP,F11,Triatoma,sample,N,N,field,Tgerstaeckeri,L2,L1_3,NA,yes,NA,Chaparral,TX,nest2,28.38067,-99.44571,7/12/2017,green,2CH55A,NA,46.785,,,
2CH56A,REP,G11,Triatoma,sample,N,N,field,Tgerstaeckeri,L2,L1_3,NA,yes,NA,Chaparral,TX,nest2,28.38067,-99.44571,7/12/2017,green,2CH56A,NA,42.307,,,
2CH57G,REP,B12,Triatoma,sample,N,N,field,Tgerstaeckeri,L1,L1_3,NA,yes,2,Chaparral,TX,nest2,28.38067,-99.44571,7/12/2017,green,2CH57G,NA,2.516,,,
2L04A,REP,E1,Triatoma,sample,P,Tc1,field,Tgerstaeckeri,L5,L4_6,NA,no,NA,Lackland_AFB,TX,0,NA,NA,6/30/2017,NA,2L04A,NA,150.552,,,
3L01A,REP,F1,Triatoma,sample,N,N,field,Tgerstaeckeri,L1,L1_3,NA,no,NA,Lackland_AFB,TX,0,NA,NA,6/30/2017,NA,3L01A,NA,18.042,,,
3L02A,REP,G1,Triatoma,sample,N,N,field,Tgerstaeckeri,L1,L1_3,NA,no,NA,Lackland_AFB,TX,0,NA,NA,6/30/2017,NA,3L02A,NA,22.834,,,
3L03A,REP,H1,Triatoma,sample,N,N,field,Tgerstaeckeri,L1,L1_3,NA,no,NA,Lackland_AFB,TX,0,NA,NA,6/30/2017,NA,3L03A,NA,28.958,,,
3W04A,REP,B6,Triatoma,sample,P,TcMIX,field,Tgerstaeckeri,L3,L1_3,NA,NA,NA,AFB,TX,0,NA,NA,NA,NA,3W04A,NA,39.71,,,
4L01A,REP,A2,Triatoma,sample,P,Tc1,field,Tgerstaeckeri,L6,L4_6,female,no,NA,Lackland_AFB,TX,0,NA,NA,6/30/2017,NA,4L01A,NA,70.847,,,
4L02A,REP,B2,Triatoma,sample,P,Tc1,field,Tgerstaeckeri,L6,L4_6,female,no,NA,Lackland_AFB,TX,0,NA,NA,6/30/2017,NA,4L02A,NA,60.687,,,
4L03A,REP,C2,Triatoma,sample,P,Tc1,field,Tgerstaeckeri,L5,L4_6,NA,yes,NA,Lackland_AFB,TX,0,NA,NA,6/30/2017,NA,4L03A,NA,70.939,,,
4W02A,REP,F2,Triatoma,sample,N,N,field,Tgerstaeckeri,L2_3,L1_3,NA,NA,NA,Lackland_AFB,TX,0,NA,NA,NA,NA,4W02A,NA,51.055,,,
4W03A,REP,G2,Triatoma,sample,FALSE,Undetermined,field,Tgerstaeckeri,L2_3,L1_3,NA,NA,NA,Lackland_AFB,TX,0,NA,NA,NA,NA,4W03A,NA,64.078,,,
4W04A,REP,H2,Triatoma,sample,N,N,field,Tgerstaeckeri,L2_3,L1_3,NA,NA,NA,AFB,TX,0,NA,NA,NA,NA,4W04A,NA,55.369,,,
4W06A,REP,A3,Triatoma,sample,N,N,field,Tgerstaeckeri,L2,L1_3,NA,NA,NA,Lackland_AFB,TX,0,NA,NA,NA,NA,4W06A,NA,1.226,,,
2CH01G,REP,E6,Triatoma,sample,P,TcMIX,field,Tlecticularia,L6,L4_6,male,NA,3,Chaparral,TX,nest2,28.38067,-99.44571,7/14/2017,normal,2CH01G,NA,21.35,,,
2CH02G,REP,F6,Triatoma,sample,N,N,field,Tlecticularia,L6,L4_6,male,NA,2,Chaparral,TX,nest2,28.38067,-99.44571,7/14/2017,normal,2CH02G,NA,18.949,,,
2CH03G,REP,G6,Triatoma,sample,N,N,field,Tlecticularia,L6,L4_6,male,NA,3,Chaparral,TX,nest2,28.38067,-99.44571,7/14/2017,normal,2CH03G,NA,5.513,,,
2CH04G,REP,H6,Triatoma,sample,FALSE,Undetermined,field,Tlecticularia,L6,L4_6,male,NA,2,Chaparral,TX,nest2,28.38067,-99.44571,7/14/2017,normal,2CH04G,NA,25.551,,,
2CH06G,REP,A8,Triatoma,sample,N,N,field,Tlecticularia,L3,L1_3,NA,NA,2,Chaparral,TX,nest2,28.38067,-99.44571,7/14/2017,normal,2CH06G,NA,5.077,,,
2CH07G,REP,B8,Triatoma,sample,N,N,field,Tlecticularia,L3,L1_3,NA,yes,3,Chaparral,TX,nest2,28.38067,-99.44571,7/14/2017,normal,2CH07G,NA,24.554,,,
2CH14A,REP,G8,Triatoma,sample,N,N,field,Tlecticularia,L2,L1_3,NA,NA,NA,Chaparral,TX,nest2,28.38067,-99.44571,7/12/2017,normal,2CH14A,NA,42.033,,,
2CH18G,REP,A7,Triatoma,sample,P,Tc2,field,Tlecticularia,L6,L4_6,male,NA,2,Chaparral,TX,nest2,28.38067,-99.44571,7/12/2017,normal,2CH18G,NA,25.947,,,
2CH28G,REP,B7,Triatoma,sample,N,N,field,Tlecticularia,L6,L4_6,male,NA,3,Chaparral,TX,nest2,28.38067,-99.44571,7/13/2017,normal,2CH28G,NA,26.602,,,
2CH30G,REP,C8,Triatoma,sample,N,N,field,Tlecticularia,L3,L1_3,NA,yes,3,Chaparral,TX,nest2,28.38067,-99.44571,7/13/2017,normal,2CH30G,NA,11.875,,,
2CH35A,REP,H8,Triatoma,sample,N,N,field,Tlecticularia,L2,L1_3,NA,NA,NA,Chaparral,TX,nest2,28.38067,-99.44571,7/13/2017,normal,2CH35A,NA,35.779,,,
2CH36G,REP,D8,Triatoma,sample,N,N,field,Tlecticularia,L3,L1_3,NA,NA,2,Chaparral,TX,nest2,28.38067,-99.44571,7/13/2017,normal,2CH36G,NA,19.44,,,
2CH39G,REP,C7,Triatoma,sample,N,N,field,Tlecticularia,L5,L4_6,NA,yes,3,Chaparral,TX,nest2,28.38067,-99.44571,7/13/2017,normal,2CH39G,NA,8.87,,,
2CH41G,REP,E7,Triatoma,sample,P,Tc1,field,Tlecticularia,L4,L4_6,NA,NA,3,Chaparral,TX,nest2,28.38067,-99.44571,7/13/2017,normal,2CH41G,NA,63.088,,,
2CH42G,REP,F7,Triatoma,sample,N,N,field,Tlecticularia,L4,L4_6,NA,yes,3,Chaparral,TX,nest2,28.38067,-99.44571,7/13/2017,popped,2CH42G,NA,23.132,,,
2CH43G,REP,G7,Triatoma,sample,N,N,field,Tlecticularia,L4,L4_6,NA,yes,3,Chaparral,TX,nest2,28.38067,-99.44571,7/13/2017,yellow_faeces,2CH43G,NA,28.531,,,
2CH44G,REP,H7,Triatoma,sample,N,N,field,Tlecticularia,L4,L4_6,NA,yes,3,Chaparral,TX,nest2,28.38067,-99.44571,7/13/2017,normal,2CH44G,NA,37.167,,,
2CH45G,REP,E8,Triatoma,sample,N,N,field,Tlecticularia,L3,L1_3,NA,yes,3,Chaparral,TX,nest2,28.38067,-99.44571,7/13/2017,normal,2CH45G,NA,14.831,,,
2CH46A,REP,A9,Triatoma,sample,N,N,field,Tlecticularia,L2,L1_3,NA,NA,NA,Chaparral,TX,nest2,28.38067,-99.44571,7/13/2017,normal,2CH46A,NA,20.85,,,
2CH47A,REP,B9,Triatoma,sample,FALSE,Undetermined,field,Tlecticularia,L1_2,L1_3,NA,NA,NA,Chaparral,TX,nest2,28.38067,-99.44571,7/13/2017,normal,2CH47A,NA,19.951,,,
2CH51G,REP,D7,Triatoma,sample,P,Tc1,field,Tlecticularia,L5,L4_6,NA,yes,3,Chaparral,TX,nest2,28.38067,-99.44571,7/12/2017,normal,2CH51G,NA,40.858,,,
2CH52G,REP,F8,Triatoma,sample,P,Tc1,field,Tlecticularia,L3,L1_3,NA,NA,2,Chaparral,TX,nest2,28.38067,-99.44571,7/12/2017,green,2CH52G,NA,28.596,,,
LC18i6A2,1,F9,Triatoma,sample,N,N,field,Tprotracta,L6,L4_6,male,yes,2,LCNCA,AZ,nest3,31.74319,-110.59102,3.7.2018,NA,LC18i6A2,70.557,27.178,,,
LC19i6A0,1,G9,Triatoma,sample,N,N,field,Tprotracta,L6,L4_6,male,no,0,LCNCA,AZ,nest3,31.74319,-110.59102,3.7.2018,NA,LC19i6A0,45.33,20.945,,,
LC20i6A0,1,H9,Triatoma,sample,N,N,field,Tprotracta,L6,L4_6,male,no,0,LCNCA,AZ,nest3,31.74319,-110.59102,3.7.2018,NA,LC20i6A0,90.653,29.874,,,
LC21i6A1,1,A10,Triatoma,sample,N,N,field,Tprotracta,L6,L4_6,female,yes,1,LCNCA,AZ,nest3,31.74319,-110.59102,3.7.2018,NA,LC21i6A1,90.612,24.66,,,
LC22i5A3,1,B10,Triatoma,sample,N,N,field,Tprotracta,L5,L4_6,NA,yes,3,LCNCA,AZ,nest3,31.74319,-110.59102,3.7.2018,NA,LC22i5A3,60.481,23.963,,,
LC23i4A3,1,C10,Triatoma,sample,N,N,field,Tprotracta,L4,L4_6,NA,yes,3,LCNCA,AZ,nest3,31.74319,-110.59102,3.7.2018,NA,LC23i4A3,73.303,24.034,,,
LC24i5A3,1,D10,Triatoma,sample,N,N,field,Tprotracta,L5,L4_6,NA,yes,3,LCNCA,AZ,nest3,31.74319,-110.59102,3.7.2018,NA,LC24i5A3,47.488,19.02,,,
LC25i5A1,1,E10,Triatoma,sample,N,N,field,Tprotracta,L5,L4_6,NA,yes,1,LCNCA,AZ,nest3,31.74319,-110.59102,3.7.2018,NA,LC25i5A1,468.857,23.405,,,
LC27i6A1,1,G10,Triatoma,sample,N,N,field,Tprotracta,L6,L4_6,female,yes,1,LCNCA,AZ,nest4,31.76091,-110.61498,6.7.2018,NA,LC27i6A1,126.696,24.516,,,
LC29i4A3,1,H10,Triatoma,sample,N,N,field,Tprotracta,L4,L4_6,NA,yes,3,LCNCA,AZ,nest4,31.76091,-110.61498,6.7.2018,NA,LC29i4A3,203.782,28.036,,,
LC30i5A1,1,A11,Triatoma,sample,P,Tc1,field,Tprotracta,L5,L4_6,NA,yes,1,LCNCA,AZ,nest4,31.76091,-110.61498,6.7.2018,NA,LC30i5A1,124.528,13.31,,,
LC31i6A0,1,B11,Triatoma,sample,P,TcMIX,field,Tprotracta,L6,L4_6,female,no,0,LCNCA,AZ,nest5,31.76432,-110.62289,6.7.2018,NA,LC31i6A0,270.277,14.453,,,
LC34i5A1,1,D11,Triatoma,sample,N,N,field,Tprotracta,L5,L4_6,NA,yes,1,LCNCA,AZ,nest5,31.76432,-110.62289,6.7.2018,NA,LC34i5A1,110.427,11.726,,,
LC35i5A3,1,E11,Triatoma,sample,N,N,field,Tprotracta,L5,L4_6,NA,yes,3,LCNCA,AZ,nest5,31.76432,-110.62289,6.7.2018,NA,LC35i5A3,130.757,8.075,,,
LC36i4A1,1,F11,Triatoma,sample,N,N,field,Tprotracta,L4,L4_6,NA,yes,1,LCNCA,AZ,nest5,31.76432,-110.62289,6.7.2018,NA,LC36i4A1,50.449,11.817,,,
LC9i6A1,1,A9,Triatoma,sample,N,N,field,Tprotracta,L6,L4_6,female,yes,1,LCNCA,AZ,nest2,31.75919,-110.60395,2.7.2018,NA,LC9i6A1,413.874,38.789,,,
SP1i4A2,1,H8,Triatoma,sample,N,N,field,Tprotracta,L4,L4_6,NA,yes,2,SPRNCA,AZ,nest1,31.550325,-110.14272,6.7.2018,NA,SP1i4A2,60.421,21.071,,,
TU20i5A0,1,B3,Triatoma,sample,N,N,field,Tprotracta,L5,L4_6,NA,no,0,UADS,AZ,bob,32.258439,-111.08352,19.5.2018,NA,TU20i5A0,340.995,30.764,,,
TU23i6A1,1,E3,Triatoma,sample,P,TcMIX,field,Tprotracta,L6,L4_6,female,yes,1,UADS,AZ,nest3,32.25712,-111.08466,9.7.2018,NA,TU23i6A1,717.167,59.918,,,
TU26i5A3,1,H3,Triatoma,sample,P,Tc2,field,Tprotracta,L5,L4_6,NA,yes,3,UADS,AZ,nest3,32.25712,-111.08466,9.7.2018,NA,TU26i5A3,87.315,14.499,,,
TU27i5A0,1,A4,Triatoma,sample,P,TcMIX,field,Tprotracta,L5,L4_6,NA,no,0,UADS,AZ,nest3,32.25712,-111.08466,9.7.2018,NA,TU27i5A0,62.7,48.13,,,
TU28i5A1,1,B4,Triatoma,sample,N,N,field,Tprotracta,L5,L4_6,NA,yes,1,UADS,AZ,nest3,32.25712,-111.08466,9.7.2018,NA,TU28i5A1,197.519,54.926,,,
TU31i6A2,1,C4,Triatoma,sample,N,N,field,Tprotracta,L6,L4_6,female,yes,2,UADS,AZ,nest4,32.25675,-111.08572,9.7.2018,NA,TU31i6A2,110.388,47.642,,,
TU32i6A2,1,D4,Triatoma,sample,P,TcMIX,field,Tprotracta,L6,L4_6,female,yes,2,UADS,AZ,nest4,32.25675,-111.08572,9.7.2018,NA,TU32i6A2,56.982,30.887,,,
TU33i6A1,1,E4,Triatoma,sample,P,Tc1,field,Tprotracta,L6,L4_6,male,yes,1,UADS,AZ,nest4,32.25675,-111.08572,9.7.2018,NA,TU33i6A1,100.799,48.675,,,
TU35i5A1,1,G4,Triatoma,sample,N,N,field,Tprotracta,L5,L4_6,NA,yes,1,UADS,AZ,nest4,32.25675,-111.08572,9.7.2018,NA,TU35i5A1,33.543,22.992,,,
TU43i2A1,1,B5,Triatoma,sample,N,N,field,Tprotracta,L2,L1_3,NA,yes,1,UADS,AZ,nest4,32.25675,-111.08572,9.7.2018,NA,TU43i2A1,16.794,9.254,,,
TU52i6A3,1,A6,Triatoma,sample,N,N,field,Tprotracta,L6,L4_6,female,yes,3,UADS,AZ,nest7,32.2536,-111.0884,10.7.2018,NA,TU52i6A3,94.998,18.394,,,
TU53i6A0,1,B6,Triatoma,sample,N,N,field,Tprotracta,L6,L4_6,female,no,0,UADS,AZ,nest7,32.2536,-111.0884,10.7.2018,NA,TU53i6A0,483.938,29.828,,,
TU58i3A1,1,C6,Triatoma,sample,N,N,field,Tprotracta,L3,L1_3,NA,yes,1,UADS,AZ,nest7,32.2536,-111.0884,10.7.2018,NA,TU58i3A1,47.991,12.444,,,
TU59i3A3,1,D6,Triatoma,sample,N,N,field,Tprotracta,L3,L1_3,NA,yes,3,UADS,AZ,nest7,32.2536,-111.0884,10.7.2018,NA,TU59i3A3,13.222,16.88,,,
TU61i1A1,1,E6,Triatoma,sample,N,N,field,Tprotracta,L1,L1_3,NA,yes,1,UADS,AZ,nest7,32.2536,-111.0884,10.7.2018,NA,TU61i1A1,4.52,11.833,,,
TU62i3A2,1,F6,Triatoma,sample,N,N,field,Tprotracta,L3,L1_3,NA,yes,2,UADS,AZ,nest7,32.2536,-111.0884,10.7.2018,NA,TU62i3A2,19.122,22.895,,,
TU66i3A1,1,B7,Triatoma,sample,N,N,field,Tprotracta,L3,L1_3,NA,yes,1,UADS,AZ,nest8,32.25219,-111.08791,11.7.2018,NA,TU66i3A1,NA,16.092,,,
TU69i6A1,1,D7,Triatoma,sample,N,N,field,Tprotracta,L6,L4_6,female,yes,1,UADS,AZ,nest9,32.25354,-111.0884,11.7.2018,NA,TU69i6A1,117.468,19.348,,,
TU71i5A1,1,E7,Triatoma,sample,N,N,field,Tprotracta,L5,L4_6,NA,yes,1,UADS,AZ,nest10,32.25457,-111.08739,11.7.2018,NA,TU71i5A1,45.062,34.491,,,
TU81i5A0,1,A8,Triatoma,sample,N,N,field,Tprotracta,L5,L4_6,NA,no,0,UADS,AZ,nest13,32.252297,-111.08656,12.7..2018,NA,TU81i5A0,78.595,27.29,,,
TU84i2A0,1,B8,Triatoma,sample,N,N,field,Tprotracta,L2,L1_3,NA,no,0,UADS,AZ,nest13,32.252297,-111.08656,12.7..2018,NA,TU84i2A0,42.278,13.366,,,
VM4i6A1,1,F8,Triatoma,sample,N,N,field,Tprotracta,L6,L4_6,female,yes,1,LVH,AZ,LVH,32.229894,-111.07472,43252,NA,VM4i6A1,212.511,14.487,,,
B143,NIC,D3,Triatoma,sample,N,NA,field,Tprotracta,L6,L4_6,female,NA,NA,Bisbee,AZ,houseIO,NA,NA,2017,NA,B143,59.415,53.542,,,
B158,NIC,E2,Triatoma,sample,N,NA,field,Tprotracta,L6,L4_6,male,NA,NA,Bisbee,AZ,houseIO,NA,NA,2017,NA,B158,110.55,0.832,,,
B31,NIC,H2,Triatoma,sample,N,NA,field,Tprotracta,L6,L4_6,male,NA,NA,Bisbee,AZ,houseIO,NA,NA,2017,NA,B31,27.655,35.567,,,
B35,NIC,A3,Triatoma,sample,N,NA,field,Tprotracta,L6,L4_6,female,NA,NA,Bisbee,AZ,houseIO,NA,NA,2017,NA,B35,28.375,54.961,,,
B52,NIC,B3,Triatoma,sample,N,NA,field,Tprotracta,L6,L4_6,female,NA,NA,Bisbee,AZ,houseIO,NA,NA,2017,NA,B52,100.97,35.138,,,
B53,NIC,C3,Triatoma,sample,N,NA,field,Tprotracta,L6,L4_6,male,NA,NA,Bisbee,AZ,houseIO,NA,NA,2017,NA,B53,42.99,57.313,,,
B96,NIC,F1,Triatoma,sample,N,NA,field,Tprotracta,L6,L4_6,male,NA,NA,Bisbee,AZ,houseIO,NA,NA,2017,NA,B96,210.755,71.002,,,
T24,NIC,G10,Triatoma,sample,N,NA,field,Tprotracta,L6,L4_6,female,NA,NA,TucsonN,AZ,houseIO,NA,NA,2017,NA,T24,102.305,23.788,,,
T33,NIC,G11,Triatoma,sample,P,NA,field,Tprotracta,L6,L4_6,male,NA,NA,Catalina,AZ,houseIO,NA,NA,2017,NA,T33,174.155,29.131,,,
T45,NIC,A4,Triatoma,sample,N,NA,field,Tprotracta,L6,L4_6,female,NA,NA,SaguaroW,AZ,houseIO,NA,NA,Unknown,NA,T45,140.2,20.298,,,
T46,NIC,B4,Triatoma,sample,N,NA,field,Tprotracta,L6,L4_6,male,NA,NA,SaguaroW,AZ,houseIO,NA,NA,2016,NA,T46,305.265,11.737,,,
LC2i2F1,2,B2,Triatoma,sample,N,N,field,Tprotracta,L2,L1_3,NA,yes,1,LCNCA,AZ,nest1,31.75895,-110.60454,2.7.2018,NA,LC2i2F1,27.332,29.24,,,
LC3i3A2,2,C2,Triatoma,sample,N,N,field,Tprotracta,L3,L1_3,NA,yes,2,LCNCA,AZ,nest1,31.75895,-110.60454,2.7.2018,NA,LC3i3A2,51.978,31.534,,,
LC3i3C2,2,E2,Triatoma,sample,N,N,field,Tprotracta,L3,L1_3,NA,yes,2,LCNCA,AZ,nest1,31.75895,-110.60454,2.7.2018,NA,LC3i3C2,20.168,52.114,,,
LC3i3D2,2,F2,Triatoma,sample,N,N,field,Tprotracta,L3,L1_3,NA,yes,2,LCNCA,AZ,nest1,31.75895,-110.60454,2.7.2018,NA,LC3i3D2,23.671,37.961,,,
TU49i4A2,2,E9,Triatoma,sample,N,N,field,Tprotracta,L4,L4_6,NA,yes,2,UADS,AZ,nest6,32.25526,-111.08757,10.7.2018,NA,TU49i4A2,94.745,22.839,,,
TU49i4B1,2,F9,Triatoma,sample,N,N,field,Tprotracta,L4,L4_6,NA,yes,1,UADS,AZ,nest6,32.25526,-111.08757,10.7.2018,NA,TU49i4B1,164.19,15.702,,,
TU50i3A3,2,G9,Triatoma,sample,N,N,field,Tprotracta,L3,L1_3,NA,yes,3,UADS,AZ,nest6,32.25526,-111.08757,10.7.2018,NA,TU50i3A3,75.815,17.875,,,
TU50i3C3,2,A10,Triatoma,sample,N,N,field,Tprotracta,L3,L1_3,NA,yes,3,UADS,AZ,nest6,32.25526,-111.08757,10.7.2018,NA,TU50i3C3,200.341,40.033,,,
TU56i3B3,2,A11,Triatoma,sample,N,N,field,Tprotracta,L3,L1_3,NA,yes,3,UADS,AZ,nest7,32.2536,-111.0884,10.7.2018,NA,TU56i3B3,67.794,25.62,,,
JC1i4A2,1,H11,Triatoma,sample,N,N,colony,Trecurva,L4,L4_6,NA,yes,2,JC,AZ,JC,32.241693,-111.00941,10.7.2018,cockroach,JC1i4A2,348.331,15.801,,,
JC2i4A1,1,A12,Triatoma,sample,N,N,colony,Trecurva,L4,L4_6,NA,yes,1,JC,AZ,JC,32.241693,-111.00941,10.7.2018,cockroach,JC2i4A1,461.016,38.838,,,
JC3i4A1,1,B12,Triatoma,sample,N,N,colony,Trecurva,L4,L4_6,NA,yes,1,JC,AZ,JC,32.241693,-111.00941,10.7.2018,cockroach,JC3i4A1,340.687,37.918,,,
JC4i4A2,1,C12,Triatoma,sample,N,N,colony,Trecurva,L4,L4_6,NA,yes,2,JC,AZ,JC,32.241693,-111.00941,10.7.2018,cockroach,JC4i4A2,387.53,34.115,,,
JC6i4A3,1,E12,Triatoma,sample,NA,NA,colony,Trecurva,L4,L4_6,NA,yes,3,JC,AZ,JC,32.241693,-111.00941,10.7.2018,blood,JC6i4A3,30.42,37.033,,,
JC7i4A3,1,F12,Triatoma,sample,NA,NA,colony,Trecurva,L4,L4_6,NA,yes,3,JC,AZ,JC,32.241693,-111.00941,10.7.2018,blood,JC7i4A3,128.551,39.457,,,
JC8i4A3,1,G12,Triatoma,sample,NA,NA,colony,Trecurva,L4,L4_6,NA,yes,3,JC,AZ,JC,32.241693,-111.00941,10.7.2018,blood,JC8i4A3,359.769,40.739,,,
JC9i4A3,1,H12,Triatoma,sample,NA,NA,colony,Trecurva,L4,L4_6,NA,yes,3,JC,AZ,JC,32.241693,-111.00941,10.7.2018,blood,JC9i4A3,106.317,19.237,,,
TU6i6A0,1,D1,Triatoma,sample,N,N,field,Trecurva,L6,L4_6,male,no,0,UADS,AZ,bob,32.258439,-111.08352,19.5.2018,NA,TU6i6A0,563.232,41.659,,,
JC10i4A3,2,E6,Triatoma,sample,NA,NA,colony,Trecurva,L4,L4_6,NA,yes,3,JC,AZ,JC,32.241693,-111.00941,10.7.2018,blood,JC10i4A3,167.033,24.45,,,
B140,NIC,A2,Triatoma,sample,N,NA,field,Trecurva,L6,L4_6,female,NA,NA,Bisbee,AZ,houseIO,NA,NA,2017,NA,B140,473.2,35.507,,,
B152,NIC,B2,Triatoma,sample,N,NA,field,Trecurva,L6,L4_6,male,NA,NA,Bisbee,AZ,houseIO,NA,NA,2017,NA,B152,69.57,42.455,,,
B153,NIC,C2,Triatoma,sample,N,NA,field,Trecurva,L6,L4_6,male,NA,NA,Bisbee,AZ,houseIO,NA,NA,2017,NA,B153,147.105,50.895,,,
B156,NIC,D2,Triatoma,sample,N,NA,field,Trecurva,L6,L4_6,female,NA,NA,Bisbee,AZ,houseIO,NA,NA,2017,NA,B156,190.61,46.236,,,
B36,NIC,A1,Triatoma,sample,N,NA,field,Trecurva,L6,L4_6,female,NA,NA,Bisbee,AZ,houseIO,NA,NA,2017,NA,B36,15.595,24.802,,,
B39,NIC,B1,Triatoma,sample,N,NA,field,Trecurva,L6,L4_6,male,NA,NA,Bisbee,AZ,houseIO,NA,NA,2017,NA,B39,57.595,51.576,,,
B42,NIC,C1,Triatoma,sample,N,NA,field,Trecurva,L6,L4_6,female,NA,NA,Bisbee,AZ,houseIO,NA,NA,2017,NA,B42,44.775,25.488,,,
B45,NIC,D1,Triatoma,sample,N,NA,field,Trecurva,L6,L4_6,female,NA,NA,Bisbee,AZ,houseIO,NA,NA,2017,NA,B45,312.905,9.538,,,
B48,NIC,E1,Triatoma,sample,N,NA,field,Trecurva,L6,L4_6,female,NA,NA,Bisbee,AZ,houseIO,NA,NA,2017,NA,B48,312.67,56.003,,,
T16,NIC,G9,Triatoma,sample,N,NA,field,Trecurva,L6,L4_6,male,NA,NA,Catalina_Foothills,AZ,houseIO,NA,NA,2017,NA,T16,116,84.661,,,
T23,NIC,F10,Triatoma,sample,N,NA,field,Trecurva,L6,L4_6,male,NA,NA,TucsonN,AZ,houseIO,NA,NA,2017,NA,T23,142.73,17.997,,,
T31,NIC,E11,Triatoma,sample,P,NA,field,Trecurva,L6,L4_6,female,NA,NA,Catalina,AZ,houseIO,NA,NA,2017,NA,T31,163.74,15.12,,,
T32,NIC,F11,Triatoma,sample,N,NA,field,Trecurva,L6,L4_6,male,NA,NA,Catalina,AZ,houseIO,NA,NA,2017,NA,T32,185.76,39.062,,,
LC12i2A2,1,B9,Triatoma,sample,N,N,field,Trubida,L2,L1_3,NA,yes,2,LCNCA,AZ,nest2,31.75919,-110.60395,2.7.2018,NA,LC12i2A2,7.337,9.593,,,
LC15i5A3,1,C9,Triatoma,sample,N,N,field,Trubida,L5,L4_6,NA,yes,3,LCNCA,AZ,nest2,31.75919,-110.60395,2.7.2018,NA,LC15i5A3,60.157,26.379,,,
LC16i5A1,1,D9,Triatoma,sample,N,N,field,Trubida,L5,L4_6,NA,yes,1,LCNCA,AZ,nest2,31.75919,-110.60395,2.7.2018,NA,LC16i5A1,22.609,22.425,,,
LC17i6A1,1,E9,Triatoma,sample,N,N,field,Trubida,L6,L4_6,female,yes,1,LCNCA,AZ,nest3,31.74319,-110.59102,3.7.2018,NA,LC17i6A1,177.407,31.702,,,
LC26i6A1,1,F10,Triatoma,sample,N,N,field,Trubida,L6,L4_6,female,yes,1,LCNCA,AZ,nest4,31.76091,-110.61498,6.7.2018,NA,LC26i6A1,235.475,27.912,,,
LC32i5A1,1,C11,Triatoma,sample,N,N,field,Trubida,L5,L4_6,NA,yes,1,LCNCA,AZ,nest5,31.76432,-110.62289,6.7.2018,NA,LC32i5A1,185.349,10.86,,,
LC37i1A3,1,G11,Triatoma,sample,FALSE,Undetermined,field,Trubida,L1,L1_3,NA,yes,3,LCNCA,AZ,nest5,31.76432,-110.62289,6.7.2018,NA,LC37i1A3,2.952,8.424,,,
TU10i6A0,1,H1,Triatoma,sample,N,N,field,Trubida,L6,L4_6,male,no,0,UADS,AZ,bob,32.258439,-111.08352,19.5.2018,NA,TU10i6A0,230.226,53.752,,,
TU11i6A0,1,A2,Triatoma,sample,P,TcMIX,field,Trubida,L6,L4_6,female,no,0,UADS,AZ,bob,32.258439,-111.08352,19.5.2018,NA,TU11i6A0,274.259,41.834,,,
TU12i6A0,1,B2,Triatoma,sample,P,TcMIX,field,Trubida,L6,L4_6,female,no,0,UADS,AZ,bob,32.258439,-111.08352,19.5.2018,NA,TU12i6A0,542.728,65.808,,,
TU13i6A2,1,C2,Triatoma,sample,P,TcMIX,field,Trubida,L6,L4_6,female,yes,2,UADS,AZ,bob,32.258439,-111.08352,19.5.2018,NA,TU13i6A2,96.709,46.641,,,
TU14i6A0,1,D2,Triatoma,sample,P,TcMIX,field,Trubida,L6,L4_6,male,no,0,UADS,AZ,bob,32.258439,-111.08352,19.5.2018,NA,TU14i6A0,512.253,36.01,,,
TU15i6A0,1,E2,Triatoma,sample,P,TcMIX,field,Trubida,L6,L4_6,female,no,0,UADS,AZ,bob,32.258439,-111.08352,19.5.2018,NA,TU15i6A0,349.619,79.856,,,
TU16i6A0,1,F2,Triatoma,sample,N,N,field,Trubida,L6,L4_6,female,no,0,UADS,AZ,bob,32.258439,-111.08352,19.5.2018,NA,TU16i6A0,377.905,67.77,,,
TU17i6A0,1,G2,Triatoma,sample,N,N,field,Trubida,L6,L4_6,male,no,0,UADS,AZ,bob,32.258439,-111.08352,19.5.2018,NA,TU17i6A0,241.786,50.616,,,
TU18i6A0,1,H2,Triatoma,sample,P,TcMIX,field,Trubida,L6,L4_6,male,no,0,UADS,AZ,bob,32.258439,-111.08352,19.5.2018,NA,TU18i6A0,329.784,46.647,,,
TU19i6A2,1,A3,Triatoma,sample,N,N,field,Trubida,L6,L4_6,male,no,0,UADS,AZ,bob,32.258439,-111.08352,19.5.2018,NA,TU19i6A2,11.401,6.116,,,
TU1i4A3,1,A1,Triatoma,sample,N,N,field,Trubida,L4,L4_6,NA,yes,3,UADS,AZ,nest1,32.25781,-111.08358,8.7.2018,NA,TU1i4A3,NA,13.306,,,
TU21i6A1,1,C3,Triatoma,sample,P,TcMIX,field,Trubida,L6,L4_6,female,yes,1,UADS,AZ,nest3,32.25712,-111.08466,9.7.2018,NA,TU21i6A1,695.906,46.752,,,
TU22i6A1,1,D3,Triatoma,sample,P,Tc1,field,Trubida,L6,L4_6,male,yes,1,UADS,AZ,nest3,32.25712,-111.08466,9.7.2018,NA,TU22i6A1,671.499,39.809,,,
TU24i5A1,1,F3,Triatoma,sample,P,Tc2,field,Trubida,L5,L4_6,NA,yes,1,UADS,AZ,nest3,32.25712,-111.08466,9.7.2018,NA,TU24i5A1,78.581,37.382,,,
TU25i5A3,1,G3,Triatoma,sample,P,Tc2,field,Trubida,L5,L4_6,NA,yes,3,UADS,AZ,nest3,32.25712,-111.08466,9.7.2018,NA,TU25i5A3,185.142,40.364,,,
TU38i4A2,1,H4,Triatoma,sample,N,N,field,Trubida,L4,L4_6,NA,yes,2,UADS,AZ,nest4,32.25675,-111.08572,9.7.2018,NA,TU38i4A2,2.501,17.187,,,
TU42i3A1,1,A5,Triatoma,sample,N,N,field,Trubida,L3,L1_3,NA,yes,1,UADS,AZ,nest4,32.25675,-111.08572,9.7.2018,NA,TU42i3A1,28.344,9.277,,,
TU44i6A3,1,C5,Triatoma,sample,P,TcMIX,field,Trubida,L6,L4_6,male,yes,3,UADS,AZ,nest5,32.25621,-111.08688,10.7.2018,NA,TU44i6A3,557.374,28.027,,,
TU45i4A1,1,D5,Triatoma,sample,P,TcMIX,field,Trubida,L4,L4_6,NA,yes,1,UADS,AZ,nest5,32.25621,-111.08688,10.7.2018,NA,TU45i4A1,87.429,21.666,,,
TU46i6A0,1,E5,Triatoma,sample,P,TcMIX,field,Trubida,L6,L4_6,male,no,0,UADS,AZ,nest6,32.25526,-111.08757,10.7.2018,NA,TU46i6A0,220.204,17.294,,,
TU47i4A3,1,F5,Triatoma,sample,N,N,field,Trubida,L4,L4_6,NA,yes,3,UADS,AZ,nest6,32.25526,-111.08757,10.7.2018,NA,TU47i4A3,91.192,12.116,,,
TU48i4A1,1,G5,Triatoma,sample,N,N,field,Trubida,L4,L4_6,NA,yes,1,UADS,AZ,nest6,32.25526,-111.08757,10.7.2018,NA,TU48i4A1,115.871,14.692,,,
TU4i3A3,1,B1,Triatoma,sample,N,N,field,Trubida,L3,L1_3,NA,yes,3,UADS,AZ,nest2,32.25735,-111.08459,8.7.2018,NA,TU4i3A3,32.415,17.917,,,
TU51i2A2,1,H5,Triatoma,sample,N,N,field,Trubida,L2,L1_3,NA,yes,2,UADS,AZ,nest6,32.25526,-111.08757,10.7.2018,NA,TU51i2A2,33.924,10.958,,,
TU5i4A1,1,C1,Triatoma,sample,N,N,field,Trubida,L3,L1_3,NA,yes,1,UADS,AZ,nest2,32.25735,-111.08459,8.7.2018,NA,TU5i4A1,110.098,51.886,,,
TU63i6A1,1,G6,Triatoma,sample,N,N,field,Trubida,L6,L4_6,female,yes,1,UADS,AZ,bob,32.258439,-111.08352,10.7.2018,NA,TU63i6A1,1244.868,12.297,,,
TU64i4A2,1,H6,Triatoma,sample,N,N,field,Trubida,L4,L4_6,NA,yes,2,UADS,AZ,nest8,32.25219,-111.08791,11.7.2018,NA,TU64i4A2,64.869,11.682,,,
TU65i3A2,1,A7,Triatoma,sample,N,N,field,Trubida,L3,L1_3,NA,yes,2,UADS,AZ,nest8,32.25219,-111.08791,11.7.2018,NA,TU65i3A2,NA,10.15,,,
TU67i3A2,1,C7,Triatoma,sample,N,N,field,Trubida,L3,L1_3,NA,yes,2,UADS,AZ,nest8,32.25219,-111.08791,11.7.2018,NA,TU67i3A2,18.577,12.221,,,
TU73i3A0,1,F7,Triatoma,sample,N,N,field,Trubida,L3,L1_3,NA,no,0,UADS,AZ,nest10,32.25457,-111.08739,11.7.2018,NA,TU73i3A0,10.198,18.391,,,
TU74i4A1,1,G7,Triatoma,sample,N,N,field,Trubida,L4,L4_6,NA,yes,1,UADS,AZ,nest11,32.25219,-111.08548,12.7.2018,NA,TU74i4A1,51.203,18.93,,,
TU7i6A0,1,E1,Triatoma,sample,N,N,field,Trubida,L6,L4_6,female,no,0,UADS,AZ,bob,32.258439,-111.08352,19.5.2018,NA,TU7i6A0,357.109,49.686,,,
TU8i6A0,1,F1,Triatoma,sample,N,N,field,Trubida,L6,L4_6,female,no,0,UADS,AZ,bob,32.258439,-111.08352,19.5.2018,NA,TU8i6A0,330.504,39.932,,,
TU9i6A0,1,G1,Triatoma,sample,P,TcMIX,field,Trubida,L6,L4_6,female,no,0,UADS,AZ,bob,32.258439,-111.08352,19.5.2018,NA,TU9i6A0,307.85,39.187,,,
VM1i6A1,1,C8,Triatoma,sample,N,N,field,Trubida,L6,L4_6,male,yes,1,LVH,AZ,LVH,32.229894,-111.07472,43252,NA,VM1i6A1,162.622,41.214,,,
VM2i6A1,1,D8,Triatoma,sample,N,N,field,Trubida,L6,L4_6,male,yes,1,LVH,AZ,LVH,32.229894,-111.07472,43252,NA,VM2i6A1,199.764,34.016,,,
VM3i6A1,1,E8,Triatoma,sample,P,TcMIX,field,Trubida,L6,L4_6,male,yes,1,LVH,AZ,LVH,32.229894,-111.07472,43252,NA,VM3i6A1,136.72,43.753,,,
VM5i6A1,1,G8,Triatoma,sample,N,N,field,Trubida,L6,L4_6,male,yes,1,LVH,AZ,LVH,32.229894,-111.07472,43252,NA,VM5i6A1,67.801,18.783,,,
LC10i1A1,2,B4,Triatoma,sample,N,N,field,Trubida,L1,L1_3,NA,yes,1,LCNCA,AZ,nest2,31.75919,-110.60395,2.7.2018,NA,LC10i1A1,37.052,8.156,,,
LC10i1B1,2,C4,Triatoma,sample,N,N,field,Trubida,L1,L1_3,NA,yes,1,LCNCA,AZ,nest2,31.75919,-110.60395,2.7.2018,NA,LC10i1B1,18.329,6.935,,,
LC10i1C1,2,D4,Triatoma,sample,N,N,field,Trubida,L1,L1_3,NA,yes,1,LCNCA,AZ,nest2,31.75919,-110.60395,2.7.2018,NA,LC10i1C1,18.921,10.433,,,
LC10i1D1,2,E4,Triatoma,sample,N,N,field,Trubida,L1,L1_3,NA,yes,1,LCNCA,AZ,nest2,31.75919,-110.60395,2.7.2018,NA,LC10i1D1,19.81,11.037,,,
LC10i1E1,2,F4,Triatoma,sample,N,N,field,Trubida,L1,L1_3,NA,yes,1,LCNCA,AZ,nest2,31.75919,-110.60395,2.7.2018,NA,LC10i1E1,17.508,6.717,,,
LC11i2A1,2,G4,Triatoma,sample,N,N,field,Trubida,L2,L1_3,NA,yes,1,LCNCA,AZ,nest2,31.75919,-110.60395,2.7.2018,NA,LC11i2A1,19.538,11.428,,,
LC11i2B1,2,H4,Triatoma,sample,N,N,field,Trubida,L2,L1_3,NA,yes,1,LCNCA,AZ,nest2,31.75919,-110.60395,2.7.2018,NA,LC11i2B1,26.693,10.488,,,
LC11i2C1,2,A5,Triatoma,sample,N,N,field,Trubida,L2,L1_3,NA,yes,1,LCNCA,AZ,nest2,31.75919,-110.60395,2.7.2018,NA,LC11i2C1,26.685,41.355,,,
LC11i2D1,2,B5,Triatoma,sample,N,N,field,Trubida,L2,L1_3,NA,yes,1,LCNCA,AZ,nest2,31.75919,-110.60395,2.7.2018,NA,LC11i2D1,32.405,20.944,,,
LC13i3A3,2,C5,Triatoma,sample,N,N,field,Trubida,L3,L1_3,NA,yes,3,LCNCA,AZ,nest2,31.75919,-110.60395,2.7.2018,NA,LC13i3A3,27.734,30.579,,,
LC13i3B3,2,D5,Triatoma,sample,N,N,field,Trubida,L3,L1_3,NA,yes,3,LCNCA,AZ,nest2,31.75919,-110.60395,2.7.2018,NA,LC13i3B3,23.03,27.529,,,
LC14i4A2,2,E5,Triatoma,sample,N,N,field,Trubida,L4,L4_6,NA,yes,2,LCNCA,AZ,nest2,31.75919,-110.60395,2.7.2018,NA,LC14i4A2,43.677,40.359,,,
LC14i4B1,2,F5,Triatoma,sample,N,N,field,Trubida,L4,L4_6,NA,yes,1,LCNCA,AZ,nest2,31.75919,-110.60395,2.7.2018,NA,LC14i4B1,86.912,28.011,,,
LC1i1A2,2,A1,Triatoma,sample,N,N,field,Trubida,L1,L1_3,NA,yes,2,LCNCA,AZ,nest1,31.75895,-110.60454,2.7.2018,NA,LC1i1A2,251.331,14.343,,,
LC1i1B2,2,B1,Triatoma,sample,N,N,field,Trubida,L1,L1_3,NA,yes,2,LCNCA,AZ,nest1,31.75895,-110.60454,2.7.2018,NA,LC1i1B2,109.904,27.332,,,
LC1i1C0,2,C1,Triatoma,sample,N,N,field,Trubida,L1,L1_3,NA,no,0,LCNCA,AZ,nest1,31.75895,-110.60454,2.7.2018,NA,LC1i1C0,9.401,18.786,,,
LC1i1D0,2,D1,Triatoma,sample,N,N,field,Trubida,L1,L1_3,NA,no,0,LCNCA,AZ,nest1,31.75895,-110.60454,2.7.2018,NA,LC1i1D0,11.911,21.359,,,
LC28i2A1,2,G5,Triatoma,sample,N,N,field,Trubida,L2,L1_3,NA,yes,1,LCNCA,AZ,nest4,31.76091,-110.61498,6.7.2018,NA,LC28i2A1,10.952,21.179,,,
LC28i2B2,2,H5,Triatoma,sample,N,N,field,Trubida,L2,L1_3,NA,yes,2,LCNCA,AZ,nest4,31.76091,-110.61498,6.7.2018,NA,LC28i2B2,40.224,34.367,,,
LC28i2C2,2,A6,Triatoma,sample,N,N,field,Trubida,L2,L1_3,NA,yes,2,LCNCA,AZ,nest4,31.76091,-110.61498,6.7.2018,NA,LC28i2C2,19.386,15.433,,,
LC2i2A2,2,E1,Triatoma,sample,N,N,field,Trubida,L2,L1_3,NA,yes,2,LCNCA,AZ,nest1,31.75895,-110.60454,2.7.2018,NA,LC2i2A2,44.983,24.466,,,
LC2i2C2,2,G1,Triatoma,sample,N,N,field,Trubida,L2,L1_3,NA,yes,2,LCNCA,AZ,nest1,31.75895,-110.60454,2.7.2018,NA,LC2i2C2,41.267,39.655,,,
LC2i2D2,2,H1,Triatoma,sample,N,N,field,Trubida,L2,L1_3,NA,yes,2,LCNCA,AZ,nest1,31.75895,-110.60454,2.7.2018,NA,LC2i2D2,25.386,34.522,,,
LC2i2E1,2,A2,Triatoma,sample,N,N,field,Trubida,L2,L1_3,NA,yes,1,LCNCA,AZ,nest1,31.75895,-110.60454,2.7.2018,NA,LC2i2E1,57.294,32.977,,,
LC33i2A3,2,B6,Triatoma,sample,N,N,field,Trubida,L2,L1_3,NA,yes,3,LCNCA,AZ,nest5,31.76432,-110.62289,6.7.2018,NA,LC33i2A3,132.827,12.875,,,
LC33i2B3,2,C6,Triatoma,sample,N,N,field,Trubida,L2,L1_3,NA,yes,3,LCNCA,AZ,nest5,31.76432,-110.62289,6.7.2018,NA,LC33i2B3,86.715,11.673,,,
LC33i2C3,2,D6,Triatoma,sample,N,N,field,Trubida,L2,L1_3,NA,yes,3,LCNCA,AZ,nest5,31.76432,-110.62289,6.7.2018,NA,LC33i2C3,136.092,15.911,,,
LC3i3B2,2,D2,Triatoma,sample,N,N,field,Trubida,L3,L1_3,NA,yes,2,LCNCA,AZ,nest1,31.75895,-110.60454,2.7.2018,NA,LC3i3B2,21.691,23.971,,,
LC4i1A0,2,G2,Triatoma,sample,N,N,field,Trubida,L1,L1_3,NA,no,0,LCNCA,AZ,nest1,31.75895,-110.60454,2.7.2018,NA,LC4i1A0,17.136,20.536,,,
LC4i1B0,2,H2,Triatoma,sample,N,N,field,Trubida,L1,L1_3,NA,no,0,LCNCA,AZ,nest1,31.75895,-110.60454,2.7.2018,NA,LC4i1B0,15.358,21.177,,,
LC4i1C0,2,A3,Triatoma,sample,N,N,field,Trubida,L1,L1_3,NA,no,0,LCNCA,AZ,nest1,31.75895,-110.60454,2.7.2018,NA,LC4i1C0,67.929,12.117,,,
LC5i1A3,2,B3,Triatoma,sample,N,N,field,Trubida,L1,L1_3,NA,yes,3,LCNCA,AZ,nest1,31.75895,-110.60454,2.7.2018,NA,LC5i1A3,32.911,9.512,,,
LC5i1B3,2,C3,Triatoma,sample,N,N,field,Trubida,L1,L1_3,NA,yes,3,LCNCA,AZ,nest1,31.75895,-110.60454,2.7.2018,NA,LC5i1B3,74.959,13.173,,,
LC5i1D3,2,E3,Triatoma,sample,N,N,field,Trubida,L1,L1_3,NA,yes,3,LCNCA,AZ,nest1,31.75895,-110.60454,2.7.2018,NA,LC5i1D3,21.639,13.664,,,
LC7i2A2,2,F3,Triatoma,sample,N,N,field,Trubida,L2,L1_3,NA,yes,2,LCNCA,AZ,nest1,31.75895,-110.60454,2.7.2018,NA,LC7i2A2,19.847,15.504,,,
LC7i2B2,2,G3,Triatoma,sample,N,N,field,Trubida,L2,L1_3,NA,yes,2,LCNCA,AZ,nest1,31.75895,-110.60454,2.7.2018,NA,LC7i2B2,19.85,23.85,,,
LC7i2C2,2,H3,Triatoma,sample,N,N,field,Trubida,L2,L1_3,NA,yes,2,LCNCA,AZ,nest1,31.75895,-110.60454,2.7.2018,NA,LC7i2C2,1.45,15.021,,,
TU2i4A3,2,F6,Triatoma,sample,N,N,field,Trubida,L4,L4_6,NA,yes,3,UADS,AZ,nest2,32.25735,-111.08459,8.7.2018,NA,TU2i4A3,31.836,26.671,,,
TU2i4B3,2,G6,Triatoma,sample,N,N,field,Trubida,L4,L4_6,NA,yes,3,UADS,AZ,nest2,32.25735,-111.08459,8.7.2018,NA,TU2i4B3,43.625,8.192,,,
TU30i3A3,2,B7,Triatoma,sample,N,N,field,Trubida,L3,L1_3,NA,yes,3,UADS,AZ,nest3,32.25712,-111.08466,9.7.2018,NA,TU30i3A3,82.71,17.02,,,
TU30i3B3,2,C7,Triatoma,sample,P,Tc1,field,Trubida,L3,L1_3,NA,yes,3,UADS,AZ,nest3,32.25712,-111.08466,9.7.2018,NA,TU30i3B3,30.598,16.603,,,
TU30i3C3,2,D7,Triatoma,sample,P,TcMIX,field,Trubida,L3,L1_3,NA,yes,3,UADS,AZ,nest3,32.25712,-111.08466,9.7.2018,NA,TU30i3C3,48.915,21.177,,,
TU30i3D3,2,E7,Triatoma,sample,N,N,field,Trubida,L3,L1_3,NA,yes,3,UADS,AZ,nest3,32.25712,-111.08466,9.7.2018,NA,TU30i3D3,75.374,25.19,,,
TU30i3E3,2,F7,Triatoma,sample,N,N,field,Trubida,L3,L1_3,NA,yes,3,UADS,AZ,nest3,32.25712,-111.08466,9.7.2018,NA,TU30i3E3,58.111,22.769,,,
TU30i3F3,2,G7,Triatoma,sample,N,N,field,Trubida,L3,L1_3,NA,yes,3,UADS,AZ,nest3,32.25712,-111.08466,9.7.2018,NA,TU30i3F3,17.484,27.537,,,
TU36i4A3,2,H7,Triatoma,sample,N,N,field,Trubida,L4,L4_6,NA,yes,3,UADS,AZ,nest4,32.25675,-111.08572,9.7.2018,NA,TU36i4A3,17.725,30.327,,,
TU36i4B3,2,A8,Triatoma,sample,N,N,field,Trubida,L4,L4_6,NA,yes,3,UADS,AZ,nest4,32.25675,-111.08572,9.7.2018,NA,TU36i4B3,102.299,9.834,,,
TU36i4C3,2,B8,Triatoma,sample,N,N,field,Trubida,L4,L4_6,NA,yes,3,UADS,AZ,nest4,32.25675,-111.08572,9.7.2018,NA,TU36i4C3,54.725,13.741,,,
TU37i4A3,2,C8,Triatoma,sample,N,N,field,Trubida,L4,L4_6,NA,yes,3,UADS,AZ,nest4,32.25675,-111.08572,9.7.2018,NA,TU37i4A3,122.161,15.522,,,
TU37i4B3,2,D8,Triatoma,sample,N,N,field,Trubida,L4,L4_6,NA,yes,3,UADS,AZ,nest4,32.25675,-111.08572,9.7.2018,NA,TU37i4B3,24.591,20.527,,,
TU37i4C3,2,E8,Triatoma,sample,P,TcMIX,field,Trubida,L4,L4_6,NA,yes,3,UADS,AZ,nest4,32.25675,-111.08572,9.7.2018,NA,TU37i4C3,22.98,24.265,,,
TU39i4A1,2,F8,Triatoma,sample,P,Tc1,field,Trubida,L4,L4_6,NA,yes,1,UADS,AZ,nest4,32.25675,-111.08572,9.7.2018,NA,TU39i4A1,142.42,30.506,,,
TU39i4B1,2,G8,Triatoma,sample,N,N,field,Trubida,L4,L4_6,NA,yes,1,UADS,AZ,nest4,32.25675,-111.08572,9.7.2018,NA,TU39i4B1,103.488,30.324,,,
TU39i4C1,2,H8,Triatoma,sample,N,N,field,Trubida,L4,L4_6,NA,yes,1,UADS,AZ,nest4,32.25675,-111.08572,9.7.2018,NA,TU39i4C1,31.592,23.717,,,
TU3i4A3,2,H6,Triatoma,sample,P,TcMIX,field,Trubida,L4,L4_6,NA,yes,3,UADS,AZ,nest2,32.25735,-111.08459,8.7.2018,NA,TU3i4A3,37.286,11.28,,,
TU3i4B3,2,A7,Triatoma,sample,P,TcMIX,field,Trubida,L4,L4_6,NA,yes,3,UADS,AZ,nest2,32.25735,-111.08459,8.7.2018,NA,TU3i4B3,180.777,19.913,,,
TU40i3A3,2,A9,Triatoma,sample,N,N,field,Trubida,L3,L1_3,NA,yes,3,UADS,AZ,nest4,32.25675,-111.08572,9.7.2018,NA,TU40i3A3,183.608,17.023,,,
TU40i3B3,2,B9,Triatoma,sample,N,N,field,Trubida,L3,L1_3,NA,yes,3,UADS,AZ,nest4,32.25675,-111.08572,9.7.2018,NA,TU40i3B3,39.057,23.951,,,
TU41i3A2,2,C9,Triatoma,sample,N,N,field,Trubida,L3,L1_3,NA,yes,2,UADS,AZ,nest4,32.25675,-111.08572,9.7.2018,NA,TU41i3A2,363.304,27.179,,,
TU41i3B2,2,D9,Triatoma,sample,N,N,field,Trubida,L3,L1_3,NA,yes,2,UADS,AZ,nest4,32.25675,-111.08572,9.7.2018,NA,TU41i3B2,213.252,18.218,,,
TU50i3B3,2,H9,Triatoma,sample,N,N,field,Trubida,L3,L1_3,NA,yes,3,UADS,AZ,nest6,32.25526,-111.08757,10.7.2018,NA,TU50i3B3,68.514,43.749,,,
TU54i4A3,2,B10,Triatoma,sample,N,N,field,Trubida,L4,L4_6,NA,yes,3,UADS,AZ,nest7,32.2536,-111.0884,10.7.2018,NA,TU54i4A3,260.142,23.1,,,
TU54i4B2,2,C10,Triatoma,sample,N,N,field,Trubida,L4,L4_6,NA,yes,2,UADS,AZ,nest7,32.2536,-111.0884,10.7.2018,NA,TU54i4B2,118.27,27.985,,,
TU55i4A1,2,D10,Triatoma,sample,N,N,field,Trubida,L4,L4_6,NA,yes,1,UADS,AZ,nest7,32.2536,-111.0884,10.7.2018,NA,TU55i4A1,65.5,17.751,,,
TU55i4B1,2,E10,Triatoma,sample,N,N,field,Trubida,L4,L4_6,NA,yes,1,UADS,AZ,nest7,32.2536,-111.0884,10.7.2018,NA,TU55i4B1,41.583,22.123,,,
TU55i4C1,2,F10,Triatoma,sample,N,N,field,Trubida,L4,L4_6,NA,yes,1,UADS,AZ,nest7,32.2536,-111.0884,10.7.2018,NA,TU55i4C1,36.094,17.02,,,
TU55i4D1,2,G10,Triatoma,sample,N,N,field,Trubida,L4,L4_6,NA,yes,1,UADS,AZ,nest7,32.2536,-111.0884,10.7.2018,NA,TU55i4D1,59.766,17.828,,,
TU56i3A3,2,H10,Triatoma,sample,N,N,field,Trubida,L3,L1_3,NA,yes,3,UADS,AZ,nest7,32.2536,-111.0884,10.7.2018,NA,TU56i3A3,48.495,43.552,,,
TU56i3C3,2,B11,Triatoma,sample,N,N,field,Trubida,L3,L1_3,NA,yes,3,UADS,AZ,nest7,32.2536,-111.0884,10.7.2018,NA,TU56i3C3,10.921,14.175,,,
TU57i3A1,2,C11,Triatoma,sample,N,N,field,Trubida,L3,L1_3,NA,yes,1,UADS,AZ,nest7,32.2536,-111.0884,10.7.2018,NA,TU57i3A1,25.491,14.095,,,
TU57i3B1,2,D11,Triatoma,sample,N,N,field,Trubida,L3,L1_3,NA,yes,1,UADS,AZ,nest7,32.2536,-111.0884,10.7.2018,NA,TU57i3B1,91.535,19.441,,,
TU57i3C1,2,E11,Triatoma,sample,N,N,field,Trubida,L3,L1_3,NA,yes,1,UADS,AZ,nest7,32.2536,-111.0884,10.7.2018,NA,TU57i3C1,41.421,9.072,,,
TU57i3D1,2,F11,Triatoma,sample,N,N,field,Trubida,L3,L1_3,NA,yes,1,UADS,AZ,nest7,32.2536,-111.0884,10.7.2018,NA,TU57i3D1,42.873,19.523,,,
TU60i2A3,2,G11,Triatoma,sample,N,N,field,Trubida,L2,L1_3,NA,yes,3,UADS,AZ,nest7,32.2536,-111.0884,10.7.2018,NA,TU60i2A3,56.443,15.518,,,
TU60i2B3,2,H11,Triatoma,sample,N,N,field,Trubida,L2,L1_3,NA,yes,3,UADS,AZ,nest7,32.2536,-111.0884,10.7.2018,NA,TU60i2B3,54.033,18.704,,,
TU60i2C3,2,A12,Triatoma,sample,N,N,field,Trubida,L2,L1_3,NA,yes,3,UADS,AZ,nest7,32.2536,-111.0884,10.7.2018,NA,TU60i2C3,29.608,25.953,,,
TU60i2D2,2,B12,Triatoma,sample,N,N,field,Trubida,L2,L1_3,NA,yes,2,UADS,AZ,nest7,32.2536,-111.0884,10.7.2018,NA,TU60i2D2,186.596,27.674,,,
TU68i2A2,2,C12,Triatoma,sample,N,N,field,Trubida,L2,L1_3,NA,yes,2,UADS,AZ,nest8,32.25219,-111.08791,11.7.2018,NA,TU68i2A2,24.462,17.189,,,
TU68i2B2,2,D12,Triatoma,sample,N,N,field,Trubida,L2,L1_3,NA,yes,2,UADS,AZ,nest8,32.25219,-111.08791,11.7.2018,NA,TU68i2B2,45.255,14.631,,,
TU68i2C2,2,E12,Triatoma,sample,N,N,field,Trubida,L2,L1_3,NA,yes,2,UADS,AZ,nest8,32.25219,-111.08791,11.7.2018,NA,TU68i2C2,31.933,15.95,,,
TU68i2D2,2,F12,Triatoma,sample,N,N,field,Trubida,L2,L1_3,NA,yes,2,UADS,AZ,nest8,32.25219,-111.08791,11.7.2018,NA,TU68i2D2,7.654,17.019,,,
T43,LAST,B1,Triatoma,sample,N,NA,field,Trubida,L6,L4_6,female,NA,NA,Oro Valley,AZ,houseIO,NA,NA,Oro Valley,NA,T43,46.651,16.031,,,
T44,LAST,C1,Triatoma,sample,N,NA,field,Trubida,L6,L4_6,female,NA,NA,Catalina_Foothills,AZ,houseIO,NA,NA,Catalina Fothills,NA,T44,148.854,17.619,,,
T47,LAST,D1,Triatoma,sample,P,NA,field,Trubida,L6,L4_6,female,NA,NA,SaguaroW,AZ,houseIO,NA,NA,2016,NA,T47,399.166,38.606,,,
T48,LAST,E1,Triatoma,sample,N,NA,field,Trubida,L6,L4_6,male,NA,NA,SaguaroW,AZ,houseIO,NA,NA,2017,NA,T48,399.62,18.331,,,
T49,LAST,F1,Triatoma,sample,P,NA,field,Trubida,L6,L4_6,female,NA,NA,SaguaroW,AZ,houseIO,NA,NA,2017,NA,T49,155.626,37.417,,,
T50,LAST,G1,Triatoma,sample,P,NA,field,Trubida,L6,L4_6,male,NA,NA,SaguaroW,AZ,houseIO,NA,NA,2017,NA,T50,148.689,45.005,,,
T51,LAST,H1,Triatoma,sample,P,NA,field,Trubida,L6,L4_6,female,NA,NA,SaguaroW,AZ,houseIO,NA,NA,2017,NA,T51,177.235,42.928,,,
T52,LAST,A2,Triatoma,sample,P,NA,field,Trubida,L6,L4_6,male,NA,NA,SaguaroW,AZ,houseIO,NA,NA,2017,NA,T52,121.954,15.429,,,
T53,LAST,B2,Triatoma,sample,N,NA,field,Trubida,L6,L4_6,male,NA,NA,SaguaroW,AZ,houseIO,NA,NA,2017,NA,T53,182.213,15.108,,,
B10,NIC,C4,Triatoma,sample,N,NA,field,Trubida,L6,L4_6,male,NA,NA,Bisbee,AZ,houseIO,NA,NA,2017,NA,B10,610.315,17.722,,,
B108,NIC,H1,Triatoma,sample,N,NA,field,Trubida,L6,L4_6,female,NA,NA,Bisbee,AZ,houseIO,NA,NA,2017,NA,B108,71.93,71.248,,,
B109,NIC,B7,Triatoma,sample,N,NA,field,Trubida,L6,L4_6,male,NA,NA,Bisbee,AZ,houseIO,NA,NA,2017,NA,B109,63.465,16.715,,,
B110,NIC,C7,Triatoma,sample,P,NA,field,Trubida,L6,L4_6,male,NA,NA,Bisbee,AZ,houseIO,NA,NA,2017,NA,B110,67.01,8.749,,,
B111,NIC,D7,Triatoma,sample,N,NA,field,Trubida,L6,L4_6,male,NA,NA,Bisbee,AZ,houseIO,NA,NA,2017,NA,B111,142.08,33.119,,,
B112,NIC,E7,Triatoma,sample,P,NA,field,Trubida,L6,L4_6,female,NA,NA,Bisbee,AZ,houseIO,NA,NA,2017,NA,B112,251.235,48.676,,,
B119,NIC,F7,Triatoma,sample,P,NA,field,Trubida,L6,L4_6,male,NA,NA,Bisbee,AZ,houseIO,NA,NA,2016,NA,B119,65.565,21.92,,,
B12,NIC,D4,Triatoma,sample,N,NA,field,Trubida,L6,L4_6,female,NA,NA,Bisbee,AZ,houseIO,NA,NA,2017,NA,B12,108.545,1.5,,,
B121,NIC,G7,Triatoma,sample,P,NA,field,Trubida,L6,L4_6,male,NA,NA,Bisbee,AZ,houseIO,NA,NA,2016,NA,B121,170.5,6.164,,,
B126,NIC,H7,Triatoma,sample,P,NA,field,Trubida,L6,L4_6,female,NA,NA,Bisbee,AZ,houseIO,NA,NA,2017,NA,B126,62.15,14.517,,,
B127,NIC,A8,Triatoma,sample,P,NA,field,Trubida,L6,L4_6,female,NA,NA,Bisbee,AZ,houseIO,NA,NA,2017,NA,B127,177.415,35.233,,,
B13,NIC,E4,Triatoma,sample,P,NA,field,Trubida,L6,L4_6,male,NA,NA,Bisbee,AZ,houseIO,NA,NA,2017,NA,B13,344.54,50.756,,,
B132,NIC,B8,Triatoma,sample,P,NA,field,Trubida,L6,L4_6,female,NA,NA,Bisbee,AZ,houseIO,NA,NA,2017,NA,B132,117.59,67.595,,,
B135,NIC,C8,Triatoma,sample,P,NA,field,Trubida,L6,L4_6,male,NA,NA,Bisbee,AZ,houseIO,NA,NA,2017,NA,B135,104.61,46.893,,,
B14,NIC,F4,Triatoma,sample,N,NA,field,Trubida,L6,L4_6,male,NA,NA,Bisbee,AZ,houseIO,NA,NA,2017,NA,B14,666.98,18.3,,,
B146,NIC,E3,Triatoma,sample,N,NA,field,Trubida,L6,L4_6,male,NA,NA,Bisbee,AZ,houseIO,NA,NA,2017,NA,B146,82.885,23.596,,,
B15,NIC,G4,Triatoma,sample,N,NA,field,Trubida,L6,L4_6,male,NA,NA,Bisbee,AZ,houseIO,NA,NA,2017,NA,B15,453.805,47.457,,,
B16,NIC,H4,Triatoma,sample,N,NA,field,Trubida,L6,L4_6,male,NA,NA,Bisbee,AZ,houseIO,NA,NA,2017,NA,B16,746.74,29.155,,,
B160,NIC,F2,Triatoma,sample,N,NA,field,Trubida,L6,L4_6,female,NA,NA,Bisbee,AZ,houseIO,NA,NA,2017,NA,B160,34.785,78.12,,,
B161,NIC,D8,Triatoma,sample,P,NA,field,Trubida,L6,L4_6,female,NA,NA,Bisbee,AZ,houseIO,NA,NA,2017,NA,B161,125.49,51.22,,,
B162,NIC,E8,Triatoma,sample,N,NA,field,Trubida,L6,L4_6,female,NA,NA,Bisbee,AZ,houseIO,NA,NA,2017,NA,B162,146.765,71.405,,,
B164,NIC,G2,Triatoma,sample,N,NA,field,Trubida,L6,L4_6,female,NA,NA,Bisbee,AZ,houseIO,NA,NA,2017,NA,B164,118.45,54.26,,,
B165,NIC,F8,Triatoma,sample,N,NA,field,Trubida,L6,L4_6,female,NA,NA,Bisbee,AZ,houseIO,NA,NA,2017,NA,B165,60.685,59.935,,,
B168,NIC,G8,Triatoma,sample,P,NA,field,Trubida,L6,L4_6,female,NA,NA,Bisbee,AZ,houseIO,NA,NA,2017,NA,B168,79.2,66.06,,,
B17,NIC,A5,Triatoma,sample,N,NA,field,Trubida,L6,L4_6,female,NA,NA,Bisbee,AZ,houseIO,NA,NA,2017,NA,B17,809.6,46.141,,,
B20,NIC,B5,Triatoma,sample,P,NA,field,Trubida,L6,L4_6,male,NA,NA,Bisbee,AZ,houseIO,NA,NA,2017,NA,B20,63.81,44.552,,,
B21,NIC,C5,Triatoma,sample,N,NA,field,Trubida,L6,L4_6,female,NA,NA,Bisbee,AZ,houseIO,NA,NA,2017,NA,B21,745.145,31.62,,,
B22,NIC,D5,Triatoma,sample,N,NA,field,Trubida,L6,L4_6,female,NA,NA,Bisbee,AZ,houseIO,NA,NA,2017,NA,B22,327.35,46.498,,,
B23,NIC,E5,Triatoma,sample,P,NA,field,Trubida,L6,L4_6,male,NA,NA,Bisbee,AZ,houseIO,NA,NA,2017,NA,B23,358.68,43.759,,,
B24,NIC,F5,Triatoma,sample,P,NA,field,Trubida,L6,L4_6,male,NA,NA,Bisbee,AZ,houseIO,NA,NA,2017,NA,B24,319.39,43.556,,,
B25,NIC,G5,Triatoma,sample,P,NA,field,Trubida,L6,L4_6,female,NA,NA,Bisbee,AZ,houseIO,NA,NA,2017,NA,B25,203.995,29.94,,,
B26,NIC,H5,Triatoma,sample,N,NA,field,Trubida,L6,L4_6,male,NA,NA,Bisbee,AZ,houseIO,NA,NA,2017,NA,B26,78.36,38.043,,,
B27,NIC,A6,Triatoma,sample,N,NA,field,Trubida,L6,L4_6,male,NA,NA,Bisbee,AZ,houseIO,NA,NA,2017,NA,B27,420.145,12.819,,,
B28,NIC,B6,Triatoma,sample,P,NA,field,Trubida,L6,L4_6,male,NA,NA,Bisbee,AZ,houseIO,NA,NA,2017,NA,B28,86.585,37.704,,,
B29,NIC,C6,Triatoma,sample,P,NA,field,Trubida,L6,L4_6,male,NA,NA,Bisbee,AZ,houseIO,NA,NA,2017,NA,B29,552.455,7.404,,,
B30,NIC,D6,Triatoma,sample,N,NA,field,Trubida,L6,L4_6,female,NA,NA,Bisbee,AZ,houseIO,NA,NA,2017,NA,B30,668.2,13.317,,,
B32,NIC,E6,Triatoma,sample,N,NA,field,Trubida,L6,L4_6,male,NA,NA,Bisbee,AZ,houseIO,NA,NA,2017,NA,B32,559,24.917,,,
B49,NIC,F6,Triatoma,sample,N,NA,field,Trubida,L6,L4_6,female,NA,NA,Bisbee,AZ,houseIO,NA,NA,2017,NA,B49,470.5,15.664,,,
B50,NIC,G6,Triatoma,sample,N,NA,field,Trubida,L6,L4_6,female,NA,NA,Bisbee,AZ,houseIO,NA,NA,2017,NA,B50,130.42,14.959,,,
B51,NIC,H6,Triatoma,sample,N,NA,field,Trubida,L6,L4_6,female,NA,NA,Bisbee,AZ,houseIO,NA,NA,2017,NA,B51,267.635,28.769,,,
B57,NIC,A7,Triatoma,sample,N,NA,field,Trubida,L6,L4_6,male,NA,NA,Bisbee,AZ,houseIO,NA,NA,2017,NA,B57,66.705,72.054,,,
B97,NIC,G1,Triatoma,sample,N,NA,field,Trubida,L6,L4_6,male,NA,NA,Bisbee,AZ,houseIO,NA,NA,2017,NA,B97,160.305,48.215,,,
OV1,NIC,H8,Triatoma,sample,N,NA,NA,Trubida,L6,L4_6,NA,NA,NA,Oro Valley,AZ,NA,32.429463,-110.968838,13.6.2017,NA,OV1,211.95,34.116,,,
T12,NIC,D9,Triatoma,sample,N,NA,field,Trubida,L6,L4_6,female,NA,NA,Oro Valley,AZ,houseIO,NA,NA,Unknown,NA,T12,87.54,1.588,,,
T13,NIC,E9,Triatoma,sample,N,NA,field,Trubida,L6,L4_6,male,NA,NA,SaguaroW,AZ,houseIO,NA,NA,Unknown,NA,T13,514.66,5.64,,,
T14,NIC,F3,Triatoma,sample,N,NA,field,Trubida,L6,L4_6,female,NA,NA,Tucson,AZ,houseIO,NA,NA,2017,NA,T14,151.21,40.734,,,
T15,NIC,F9,Triatoma,sample,N,NA,field,Trubida,L6,L4_6,female,NA,NA,Catalina_Foothills,AZ,houseIO,NA,NA,2017,NA,T15,29.83,37.861,,,
T17,NIC,H9,Triatoma,sample,N,NA,field,Trubida,L6,L4_6,male,NA,NA,Catalina_Foothills,AZ,houseIO,NA,NA,2017,NA,T17,115.035,54.64,,,
T18,NIC,A10,Triatoma,sample,N,NA,field,Trubida,L6,L4_6,male,NA,NA,Catalina_Foothills,AZ,houseIO,NA,NA,2017,NA,T18,156.54,54.874,,,
T19,NIC,B10,Triatoma,sample,P,NA,field,Trubida,L6,L4_6,male,NA,NA,Catalina Fothills,AZ,houseIO,NA,NA,2017,NA,T19,60.88,61.356,,,
T2,NIC,A9,Triatoma,sample,P,NA,field,Trubida,L6,L4_6,female,NA,NA,TucsonN,AZ,houseIO,NA,NA,2016,NA,T2,139.33,28.372,,,
T20,NIC,C10,Triatoma,sample,P,NA,field,Trubida,L6,L4_6,male,NA,NA,Catalina Fothills,AZ,houseIO,NA,NA,2017,NA,T20,129.55,50.971,,,
T21,NIC,D10,Triatoma,sample,P,NA,field,Trubida,L6,L4_6,female,NA,NA,Catalina Fothills,AZ,houseIO,NA,NA,2017,NA,T21,27.205,17.817,,,
T22,NIC,E10,Triatoma,sample,P,NA,field,Trubida,L6,L4_6,female,NA,NA,Catalina Fothills,AZ,houseIO,NA,NA,2017,NA,T22,83.325,28.482,,,
T25,NIC,H10,Triatoma,sample,P,NA,field,Trubida,L6,L4_6,male,NA,NA,TucsonN,AZ,houseIO,NA,NA,2017,NA,T25,145.15,28.949,,,
T26,NIC,A11,Triatoma,sample,N,NA,field,Trubida,L6,L4_6,female,NA,NA,TucsonN,AZ,houseIO,NA,NA,2017,NA,T26,135.33,19.686,,,
T27,NIC,G3,Triatoma,sample,N,NA,field,Trubida,L6,L4_6,male,NA,NA,TucsonN,AZ,houseIO,NA,NA,2017,NA,T27,97.29,48.413,,,
T28,NIC,B11,Triatoma,sample,P,NA,field,Trubida,L6,L4_6,female,NA,NA,TucsonN,AZ,houseIO,NA,NA,2017,NA,T28,103.15,40.825,,,
T29,NIC,C11,Triatoma,sample,N,NA,field,Trubida,L6,L4_6,female,NA,NA,TucsonN,AZ,houseIO,NA,NA,2017,NA,T29,70.51,23.719,,,
T3,NIC,B9,Triatoma,sample,N,NA,field,Trubida,L6,L4_6,male,NA,NA,Tucson,AZ,houseIO,NA,NA,Unknown,NA,T3,18.7,34.748,,,
T30,NIC,D11,Triatoma,sample,P,NA,field,Trubida,L6,L4_6,male,NA,NA,Catalina,AZ,houseIO,NA,NA,2017,NA,T30,148.8,27.009,,,
T34,NIC,H11,Triatoma,sample,P,NA,field,Trubida,L6,L4_6,male,NA,NA,Catalina,AZ,houseIO,NA,NA,2017,NA,T34,134.285,42.474,,,
T35,NIC,A12,Triatoma,sample,P,NA,field,Trubida,L6,L4_6,female,NA,NA,Catalina,AZ,houseIO,NA,NA,2017,NA,T35,106.495,36.241,,,
T36,NIC,B12,Triatoma,sample,P,NA,field,Trubida,L6,L4_6,female,NA,NA,Catalina,AZ,houseIO,NA,NA,2017,NA,T36,206.95,17.578,,,
T37,NIC,C12,Triatoma,sample,N,NA,field,Trubida,L6,L4_6,female,NA,NA,Catalina,AZ,houseIO,NA,NA,2017,NA,T37,51.82,14.89,,,
T42,NIC,H3,Triatoma,sample,N,NA,field,Trubida,L6,L4_6,male,NA,NA,Tucson,AZ,houseIO,NA,NA,Unknown,NA,T42,14.53,9.019,,,
T6,NIC,C9,Triatoma,sample,N,NA,field,Trubida,L6,L4_6,female,NA,NA,Tucson,AZ,houseIO,NA,NA,2017,NA,T6,19.31,31.358,,,
1L03A,REP,C4,Triatoma,sample,N,N,field,Tsanguisuga,L4,L4_6,NA,no,NA,Lackland_AFB,TX,0,29.37695,-98.68455,6/30/2017,NA,1L03A,NA,58.873,,,
1L04A,REP,D4,Triatoma,sample,N,N,field,Tsanguisuga,L4,L4_6,NA,no,NA,Lackland_AFB,TX,0,29.37695,-98.68455,6/30/2017,NA,1L04A,NA,65.912,,,
1L05A,REP,E4,Triatoma,sample,N,N,field,Tsanguisuga,L4,L4_6,NA,no,NA,Lackland_AFB,TX,0,29.37695,-98.68455,6/30/2017,NA,1L05A,NA,64.173,,,
1L07A,REP,E3,Triatoma,sample,N,N,field,Tsanguisuga,L5,L4_6,NA,no,NA,Lackland_AFB,TX,0,29.37695,-98.68455,6/30/2017,NA,1L07A,NA,53.522,,,
1L08A,REP,F3,Triatoma,sample,N,N,field,Tsanguisuga,L5,L4_6,NA,no,NA,Lackland_AFB,TX,0,29.37695,-98.68455,6/30/2017,NA,1L08A,NA,46.81,,,
1L09A,REP,G3,Triatoma,sample,N,N,field,Tsanguisuga,L5,L4_6,NA,no,NA,Lackland_AFB,TX,0,29.37695,-98.68455,6/30/2017,NA,1L09A,NA,72.645,,,
1L13A,REP,E5,Triatoma,sample,N,N,field,Tsanguisuga,L3,L1_3,NA,no,NA,Lackland_AFB,TX,0,29.37695,-98.68455,6/30/2017,NA,1L13A,NA,56.542,,,
1W02A,REP,H4,Triatoma,sample,P,Tc1,field,Tsanguisuga,L3_4,L3_4,NA,NA,NA,Camp_Bullis,TX,0,NA,NA,NA,NA,1W02A,NA,80.957,,,
1W03A,REP,A5,Triatoma,sample,P,Tc1,field,Tsanguisuga,L3_4,L3_4,NA,NA,NA,AFB,TX,0,NA,NA,NA,NA,1W03A,NA,58.566,,,
1W06A,REP,B5,Triatoma,sample,N,N,field,Tsanguisuga,L3_4,L3_4,NA,NA,NA,AFB,TX,0,NA,NA,NA,NA,1W06A,NA,52.433,,,
2W02A,REP,H3,Triatoma,sample,P,Tc1,field,Tsanguisuga,L5,L4_6,NA,NA,NA,AFB,TX,0,NA,NA,NA,NA,2W02A,NA,60.237,,,
2W03A,REP,A4,Triatoma,sample,N,N,field,Tsanguisuga,L5,L4_6,NA,NA,NA,Lackland_AFB,TX,0,NA,NA,NA,NA,2W03A,NA,79.245,,,
3L04A,REP,B3,Triatoma,sample,P,Tc1,field,Tsanguisuga,L6,L4_6,male,no,NA,Lackland_AFB,TX,0,NA,NA,6/30/2017,NA,3L04A,NA,32.341,,,
3L05A,REP,C3,Triatoma,sample,P,TcMIX,field,Tsanguisuga,L6,L4_6,female,no,NA,Lackland_AFB,TX,0,NA,NA,6/30/2017,NA,3L05A,NA,33.937,,,
3L06A,REP,D3,Triatoma,sample,P,TcMIX,field,Tsanguisuga,L6,L4_6,female,no,NA,Lackland_AFB,TX,0,NA,NA,6/30/2017,NA,3L06A,NA,36.29,,,
3W05A,REP,B4,Triatoma,sample,N,N,field,Tsanguisuga,L5,L4_6,NA,NA,NA,AFB,TX,0,NA,NA,NA,NA,3W05A,NA,63.635,,,
3W06A,REP,C5,Triatoma,sample,P,TcMIX,field,Tsanguisuga,L3_4,L3_4,NA,NA,NA,AFB,TX,0,NA,NA,NA,NA,3W06A,NA,68.621,,,
3W07A,REP,D5,Triatoma,sample,N,N,field,Tsanguisuga,L3_4,L3_4,NA,NA,NA,AFB,TX,0,NA,NA,NA,NA,3W07A,NA,31.719,,,
3W08A,REP,F4,Triatoma,sample,N,N,field,Tsanguisuga,L4,L4_6,NA,NA,NA,AFB,TX,0,NA,NA,NA,NA,3W08A,NA,56.111,,,
3W09A,REP,G4,Triatoma,sample,N,N,field,Tsanguisuga,L4,L4_6,NA,NA,NA,AFB,TX,0,NA,NA,NA,NA,3W09A,NA,76.747,,,
4L04A,REP,F5,Triatoma,sample,N,N,field,Tsanguisuga,L3,L1_3,NA,yes,NA,Lackland_AFB,TX,0,NA,NA,6/30/2017,NA,4L04A,NA,61.664,,,
4L05A,REP,G5,Triatoma,sample,N,N,field,Tsanguisuga,L3,L1_3,NA,no,NA,Lackland_AFB,TX,0,NA,NA,6/30/2017,NA,4L05A,NA,46.452,,,
4L06A,REP,D6,Triatoma,sample,P,TcMIX,field,Tsanguisuga,L2,L1_3,NA,yes,NA,Lackland_AFB,TX,0,NA,NA,6/30/2017,NA,4L06A,NA,48.818,,,
4L07A,REP,H5,Triatoma,sample,N,N,field,Tsanguisuga,L3,L1_3,NA,no,NA,Lackland_AFB,TX,0,NA,NA,6/30/2017,NA,4L07A,NA,41.478,,,
4L08A,REP,A6,Triatoma,sample,P,Tc1,field,Tsanguisuga,L3,L1_3,NA,yes,NA,Lackland_AFB,TX,0,NA,NA,6/30/2017,NA,4L08A,NA,32.9,,,
