#SampleID,read after dec,Plate,Well_Position,Organism,Type,T_cruzi,TC_DTU,Origin,Host_Taxa,Instar,Instar_range,Sex,Engorged,Engorgement,Locality,State,Nest,Latitude,Longitude,date_sampled,note_appearance,Description,prePCR_concentration,postPCR_concentration
AA1883,3101,LAST,A3,Menacanthus,sample,NA,NA,field,Morioli,NA,NA,NA,NA,NA,NA,NA,NA,NA,NA,NA,NA,AA1883,36.421,16.745
AA7868A,23709,LAST,B3,Menacanthus,sample,NA,NA,field,Morioli,NA,NA,NA,NA,NA,NA,NA,NA,NA,NA,NA,NA,AA7868A,NA,19.675
AA7868B,14317,LAST,F2,Menacanthus,sample,NA,NA,field,Morioli,NA,NA,NA,NA,NA,NA,NA,NA,NA,NA,NA,NA,AA7868B,103.764,16.154
AA7879C,60515,LAST,G2,Menacanthus,sample,NA,NA,field,Morioli,NA,NA,NA,NA,NA,NA,NA,NA,NA,NA,NA,NA,AA7879C,113.904,31.711
AndImp8,21691,LAST,C2,Menacanthus,sample,NA,NA,field,Morioli,NA,NA,NA,NA,NA,NA,NA,NA,NA,NA,NA,NA,AndImp8,7.579,15.626
CA12402,8000,LAST,D2,Menacanthus,sample,NA,NA,field,Morioli,NA,NA,NA,NA,NA,NA,NA,NA,NA,NA,NA,NA,CA12402,NA,16.464
CC929000,19357,LAST,E2,Menacanthus,sample,NA,NA,field,Morioli,NA,NA,NA,NA,NA,NA,NA,NA,NA,NA,NA,NA,CC929000,39.205,19.563
K58945A,56297,LAST,H2,Menacanthus,sample,NA,NA,field,Morioli,NA,NA,NA,NA,NA,NA,NA,NA,NA,NA,NA,NA,K58945A,NA,32.62
K58945B,19770,LAST,C3,Menacanthus,sample,NA,NA,field,Morioli,NA,NA,NA,NA,NA,NA,NA,NA,NA,NA,NA,NA,K58945B,9.03,15.344
V123,5123,LAST,E3,Menacanthus,sample,NA,NA,field,Morioli,NA,NA,NA,NA,NA,NA,NA,NA,NA,NA,NA,NA,V123,NA,15.358
V124,13093,LAST,D3,Menacanthus,sample,NA,NA,field,Morioli,NA,NA,NA,NA,NA,NA,NA,NA,NA,NA,NA,NA,V124,49.028,16.172
JC5i4A2,3024,1,D12,Triatoma,sample,N,N,colony,NA,L4,L4_6,NA,yes,2,JC,AZ,JC,32.241693,#FIELD!,10.7.2018,cockroach,JC5i4A2,199.429,20.033
TU34i5A3,9712,1,F4,Triatoma,sample,N,N,field,NA,L5,L4_6,NA,yes,3,UADS,AZ,nest4,32.25675,#FIELD!,9.7.2018,NA,TU34i5A3,111.737,12.256
TU79i5A3,3475,1,H7,Triatoma,sample,N,N,field,NA,L5,L4_6,NA,yes,3,UADS,AZ,nest13,32.252297,#FIELD!,12.7..2018,NA,TU79i5A3,89.858,9.698
LC18i6A2,4645,1,F9,Triatoma,sample,N,N,field,Tprotracta,L6,L4_6,male,yes,2,LCNCA,AZ,nest3,31.74319,#FIELD!,3.7.2018,NA,LC18i6A2,70.557,27.178
LC5i1C3,904,2,D3,Triatoma,sample,N,N,field,NA,L1,L1_3,NA,yes,3,LCNCA,AZ,nest1,31.75895,#FIELD!,2.7.2018,Gryllus,LC5i1C3,26.354,11.933
LC7i2D2,781,2,A4,Triatoma,sample,N,N,field,NA,L2,L1_3,NA,yes,2,LCNCA,AZ,nest1,31.75895,#FIELD!,2.7.2018,Gryllus,LC7i2D2,272.487,12.218
nk1,153,2,G12,Nkisolation,negativecontrol,NA,NA,NA,NA,NA,NA,NA,NA,NA,NA,NA,NA,NA,NA,NA,NA,nk1,0.24,7.574
nk2,28,2,H12,PCRwater,negativecontrol,NA,NA,NA,NA,NA,NA,NA,NA,NA,NA,NA,NA,NA,NA,NA,NA,nk2,1.189,8.342
22DS,231,LAST,G3,DasaSample,sample,NA,NA,NA,NA,NA,NA,NA,NA,NA,NA,NA,NA,NA,NA,NA,NA,22DS,NA,50.256
28DS,16,LAST,H3,DasaSample,sample,NA,NA,NA,NA,NA,NA,NA,NA,NA,NA,NA,NA,NA,NA,NA,NA,28DS,NA,40.023
36DS,119,LAST,A4,DasaSample,sample,NA,NA,NA,NA,NA,NA,NA,NA,NA,NA,NA,NA,NA,NA,NA,NA,36DS,NA,36.958
7DS,202,LAST,F3,DasaSample,sample,NA,NA,NA,NA,NA,NA,NA,NA,NA,NA,NA,NA,NA,NA,NA,NA,7DS,NA,54.554
MCE2,42369,LAST,F6,MockEqual,positivecontrol,NA,NA,NA,NA,NA,NA,NA,NA,NA,NA,NA,NA,NA,NA,NA,NA,MCE2,NA,69.972
MCS2,33502,LAST,G6,MockScatered,positivecontrol,NA,NA,NA,NA,NA,NA,NA,NA,NA,NA,NA,NA,NA,NA,NA,NA,MCS2,NA,31.293
Nkwater,110,LAST,A1,PCRwater,negativecontrol,NA,NA,NA,NA,NA,NA,NA,NA,NA,NA,NA,NA,NA,NA,NA,NA,Nkwater,5.774,15.844
MCE1,22706,NIC,D12,MockEqual,positivecontrol,NA,NA,NA,NA,NA,NA,NA,NA,NA,NA,NA,NA,NA,NA,NA,NA,MCE1,NA,30.361
MCS1,26334,NIC,E12,MockScatered,positivecontrol,NA,NA,NA,NA,NA,NA,NA,NA,NA,NA,NA,NA,NA,NA,NA,NA,MCS1,NA,36.617
NKISO2,26,NIC,G12,Nkisolation,negativecontrol,NA,NA,NA,NA,NA,NA,NA,NA,NA,NA,NA,NA,NA,NA,NA,NA,NKISO2,NA,2.903
PCR01,51,NIC,H12,PCRwater,negativecontrol,NA,NA,NA,NA,NA,NA,NA,NA,NA,NA,NA,NA,NA,NA,NA,NA,PCR01,NA,3.48
MCEREP,25587,REP,D12,MockEqual,positivecontrol,NA,NA,NA,NA,NA,NA,NA,NA,NA,NA,NA,NA,NA,NA,NA,NA,MCEREP,NA,43.103
MCSREP,31486,REP,E12,MockScatered,positivecontrol,NA,NA,NA,NA,NA,NA,NA,NA,NA,NA,NA,NA,NA,NA,NA,NA,MCSREP,NA,16.05
NKISO1,24,REP,G12,Nkisolation,negativecontrol,NA,NA,NA,NA,NA,NA,NA,NA,NA,NA,NA,NA,NA,NA,NA,NA,NKISO1,NA,3.246
PCR0,38,REP,H12,PCRwater,negativecontrol,NA,NA,NA,NA,NA,NA,NA,NA,NA,NA,NA,NA,NA,NA,NA,NA,PCR0,NA,3.2
PKRPL5R1C,55701,LAST,H6,PKRhodnius,sample,NA,NA,colony,Rprolixus,L5,L4_6,NA,NA,NA,NA,NA,NA,NA,NA,NA,NA,PKRPL5R1C,NA,59.986
PKRPL5R1B,34501,NIC,F12,PKRhodnius,sample,NA,NA,colony,Rprolixus,L5,L4_6,NA,yes,NA,NA,NA,NA,NA,NA,NA,NA,PKRPL5R1B,NA,42.996
PKRPL5R1A,31181,REP,F12,PKRhodnius,sample,NA,NA,colony,Rprolixus,L5,L4_6,NA,yes,NA,NA,NA,NA,NA,NA,NA,NA,PKRPL5R1A,NA,30.126
LC1A,20259,LAST,B4,Reduvius,sample,NA,NA,field,Rsp,L5,L4_6,NA,NA,NA,LCNCA,AZ,nest5,31.76432,#FIELD!,06/07/2018,NA,LC1A,NA,26.828
LC2A,6105,LAST,C4,Reduvius,sample,NA,NA,field,Rsp,L4,L4_6,NA,NA,NA,LCNCA,AZ,nest5,31.76432,#FIELD!,06/07/2018,NA,LC2A,179.343,38.232
LC2B,16639,LAST,D4,Reduvius,sample,NA,NA,field,Rsp,L4,L4_6,NA,NA,NA,LCNCA,AZ,nest5,31.76432,#FIELD!,06/07/2018,NA,LC2B,76.661,36.261
LC2C,3374,LAST,E4,Reduvius,sample,NA,NA,field,Rsp,L4,L4_6,NA,NA,NA,LCNCA,AZ,nest5,31.76432,#FIELD!,06/07/2018,NA,LC2C,461.966,36.723
LC2D,7930,LAST,F4,Reduvius,sample,NA,NA,field,Rsp,L4,L4_6,NA,NA,NA,LCNCA,AZ,nest5,31.76432,#FIELD!,06/07/2018,NA,LC2D,220.121,29.663
LC2E,8787,LAST,G4,Reduvius,sample,NA,NA,field,Rsp,L4,L4_6,NA,NA,NA,LCNCA,AZ,nest5,31.76432,#FIELD!,06/07/2018,NA,LC2E,268.001,41.006
LC4A,10039,LAST,H4,Reduvius,sample,NA,NA,field,Rsp,L3,L1_3,NA,NA,NA,LCNCA,AZ,nest5,31.76432,#FIELD!,06/07/2018,NA,LC4A,195.309,40.676
LC4B,14898,LAST,A5,Reduvius,sample,NA,NA,field,Rsp,L3,L1_3,NA,NA,NA,LCNCA,AZ,nest5,31.76432,#FIELD!,06/07/2018,NA,LC4B,126.101,28.488
LC4C,12431,LAST,B5,Reduvius,sample,NA,NA,field,Rsp,L3,L1_3,NA,NA,NA,LCNCA,AZ,nest5,31.76432,#FIELD!,06/07/2018,NA,LC4C,8.26,28.415
LC4D,15516,LAST,C5,Reduvius,sample,NA,NA,field,Rsp,L3,L1_3,NA,NA,NA,LCNCA,AZ,nest5,31.76432,#FIELD!,06/07/2018,NA,LC4D,108.876,41.228
LC5A,8488,LAST,D5,Reduvius,sample,NA,NA,field,Rsp,L3,L1_3,NA,NA,NA,LCNCA,AZ,nest5,31.76432,#FIELD!,06/07/2018,NA,LC5A,50.302,18.385
LC5B,6589,LAST,E5,Reduvius,sample,NA,NA,field,Rsp,L3,L1_3,NA,NA,NA,LCNCA,AZ,nest5,31.76432,#FIELD!,06/07/2018,NA,LC5B,133.013,19.485
LC5C,4860,LAST,F5,Reduvius,sample,NA,NA,field,Rsp,L3,L1_3,NA,NA,NA,LCNCA,AZ,nest5,31.76432,#FIELD!,06/07/2018,NA,LC5C,116.457,20.837
LC6A,3917,LAST,G5,Reduvius,sample,NA,NA,field,Rsp,L2,L1_3,NA,NA,NA,LCNCA,AZ,nest5,31.76432,#FIELD!,06/07/2018,NA,LC6A,21.249,31.103
LC6B,3007,LAST,H5,Reduvius,sample,NA,NA,field,Rsp,L2,L1_3,NA,NA,NA,LCNCA,AZ,nest5,31.76432,#FIELD!,06/07/2018,NA,LC6B,28.359,32.22
LC6C,6169,LAST,A6,Reduvius,sample,NA,NA,field,Rsp,L2,L1_3,NA,NA,NA,LCNCA,AZ,nest5,31.76432,#FIELD!,06/07/2018,NA,LC6C,25.328,17.533
LC6D,7995,LAST,B6,Reduvius,sample,NA,NA,field,Rsp,L2,L1_3,NA,NA,NA,LCNCA,AZ,nest5,31.76432,#FIELD!,06/07/2018,NA,LC6D,27.644,21.376
LC6E,14507,LAST,C6,Reduvius,sample,NA,NA,field,Rsp,L2,L1_3,NA,NA,NA,LCNCA,AZ,nest5,31.76432,#FIELD!,06/07/2018,NA,LC6E,16.568,22.623
LC6F,20453,LAST,D6,Reduvius,sample,NA,NA,field,Rsp,L2,L1_3,NA,NA,NA,LCNCA,AZ,nest5,31.76432,#FIELD!,06/07/2018,NA,LC6F,NA,29.721
LC6G,6550,LAST,E6,Reduvius,sample,NA,NA,field,Rsp,L2,L1_3,NA,NA,NA,LCNCA,AZ,nest5,31.76432,#FIELD!,06/07/2018,NA,LC6G,7.42,20.767
1CB01A,2320,REP,D2,Triatoma,sample,P,Tc2,field,Tgerstaeckeri,L6,L4_6,female,no,NA,Camp_Bullis,TX,0,NA,NA,6/29/2017,NA,1CB01A,NA,44.635
1L01A,2235,REP,A1,Triatoma,sample,P,TcMIX,field,Tgerstaeckeri,L6,L4_6,male,no,NA,Lackland_AFB,TX,0,29.37695,#FIELD!,6/30/2017,NA,1L01A,NA,42.286
1L02A,7379,REP,C6,Triatoma,sample,N,N,field,Tgerstaeckeri,L2,L1_3,NA,no,NA,Lackland_AFB,TX,0,29.37695,#FIELD!,6/30/2017,NA,1L02A,NA,24.773
1L06A,20895,REP,B1,Triatoma,sample,N,N,field,Tgerstaeckeri,L4,L4_6,NA,no,NA,Lackland_AFB,TX,0,29.37695,#FIELD!,6/30/2017,NA,1L06A,NA,56.443
1L10A,19429,REP,C1,Triatoma,sample,N,N,field,Tgerstaeckeri,L5,L4_6,NA,no,NA,Lackland_AFB,TX,0,29.37695,#FIELD!,6/30/2017,NA,1L10A,NA,63.728
1L14A,12833,REP,D1,Triatoma,sample,N,N,field,Tgerstaeckeri,L3,L1_3,NA,no,NA,Lackland_AFB,TX,0,29.37695,#FIELD!,6/30/2017,NA,1L14A,NA,50.925
1W05A,99,REP,E2,Triatoma,sample,N,N,field,Tgerstaeckeri,L3,L1_3,NA,NA,NA,AFB,TX,0,NA,NA,NA,NA,1W05A,NA,85.495
2CH49G,25273,REP,D9,Triatoma,sample,N,N,field,Tgerstaeckeri,L5,L4_6,NA,yes,4,Chaparral,TX,nest2,28.38067,#FIELD!,07/12/2017,yellow_faeces,2CH49G,NA,27.745
2CH19G,3937,REP,G9,Triatoma,sample,N,N,field,Tgerstaeckeri,L3,L1_3,NA,NA,2,Chaparral,TX,nest2,28.38067,#FIELD!,07/12/2017,normal,2CH19G,NA,18.373
2CH20G,2892,REP,H9,Triatoma,sample,N,N,field,Tgerstaeckeri,L3,L1_3,NA,NA,0,Chaparral,TX,nest2,28.38067,#FIELD!,07/12/2017,green,2CH20G,NA,9.761
2CH22G,3927,REP,A10,Triatoma,sample,N,N,field,Tgerstaeckeri,L3,L1_3,NA,NA,2,Chaparral,TX,nest2,28.38067,#FIELD!,07/12/2017,normal,2CH22G,NA,15.018
2CH31G,1826,REP,B10,Triatoma,sample,N,N,field,Tgerstaeckeri,L3,L1_3,NA,NA,0,Chaparral,TX,nest2,28.38067,#FIELD!,7/13/2017,green,2CH31G,NA,18.216
2CH32G,2228,REP,C10,Triatoma,sample,N,N,field,Tgerstaeckeri,L3,L1_3,NA,NA,2,Chaparral,TX,nest2,28.38067,#FIELD!,7/13/2017,normal,2CH32G,NA,20.608
2CH08A,15253,REP,F10,Triatoma,sample,N,N,field,Tgerstaeckeri,L2,L1_3,NA,yes,NA,Chaparral,TX,nest2,28.38067,#FIELD!,7/14/2017,whitish,2CH08A,NA,42.071
2CH16G,119,REP,E9,Triatoma,sample,FALSE,Undetermined,field,Tgerstaeckeri,L4,L4_6,NA,NA,1,Chaparral,TX,nest2,28.38067,#FIELD!,07/12/2017,weird,2CH16G,NA,18.202
2CH10A,12574,REP,G10,Triatoma,sample,N,N,field,Tgerstaeckeri,L2,L1_3,NA,yes,NA,Chaparral,TX,nest2,28.38067,#FIELD!,7/14/2017,green,2CH10A,NA,64.151
2CH11A,3752,REP,H10,Triatoma,sample,N,N,field,Tgerstaeckeri,L2,L1_3,NA,NA,NA,Chaparral,TX,nest2,28.38067,#FIELD!,7/14/2017,normal,2CH11A,NA,32.91
2CH13A,2081,REP,A11,Triatoma,sample,N,N,field,Tgerstaeckeri,L2,L1_3,NA,NA,NA,Chaparral,TX,nest2,28.38067,#FIELD!,07/12/2017,green,2CH13A,NA,7.327
2CH15A,4750,REP,B11,Triatoma,sample,N,N,field,Tgerstaeckeri,L2,L1_3,NA,NA,NA,Chaparral,TX,nest2,28.38067,#FIELD!,07/12/2017,green,2CH15A,NA,9.564
2CH26A,8442,REP,D11,Triatoma,sample,P,Tc1,field,Tgerstaeckeri,L2,L1_3,NA,no,NA,Chaparral,TX,nest2,28.38067,#FIELD!,07/12/2017,normal,2CH26A,NA,19.83
2CH27G,1629,REP,F9,Triatoma,sample,P,TcMIX,field,Tgerstaeckeri,L4,L4_6,NA,NA,2,Chaparral,TX,nest2,28.38067,#FIELD!,07/12/2017,normal,2CH27G,NA,24.619
2CH29G,209,REP,C9,Triatoma,sample,N,N,field,Tgerstaeckeri,L5,L4_6,NA,no,2,Chaparral,TX,nest2,28.38067,#FIELD!,7/13/2017,normal,2CH29G,NA,17.679
2CH24A,10738,REP,C11,Triatoma,sample,N,N,field,Tgerstaeckeri,L2,L1_3,NA,yes,NA,Chaparral,TX,nest2,28.38067,#FIELD!,07/12/2017,green,2CH24A,NA,47.259
2CH37A,5702,REP,E11,Triatoma,sample,N,N,field,Tgerstaeckeri,L2,L1_3,NA,no,NA,Chaparral,TX,nest2,28.38067,#FIELD!,7/13/2017,whitish,2CH37A,NA,24.667
2CH55A,7093,REP,F11,Triatoma,sample,N,N,field,Tgerstaeckeri,L2,L1_3,NA,yes,NA,Chaparral,TX,nest2,28.38067,#FIELD!,07/12/2017,green,2CH55A,NA,46.785
2CH56A,8746,REP,G11,Triatoma,sample,N,N,field,Tgerstaeckeri,L2,L1_3,NA,yes,NA,Chaparral,TX,nest2,28.38067,#FIELD!,07/12/2017,green,2CH56A,NA,42.307
2CH05A,5928,REP,C12,Triatoma,sample,N,N,field,Tgerstaeckeri,L1,L1_3,NA,NA,NA,Chaparral,TX,nest2,28.38067,#FIELD!,7/14/2017,normal,2CH05A,NA,7.24
2CH53G,10996,REP,D10,Triatoma,sample,P,Tc2,field,Tgerstaeckeri,L3,L1_3,NA,NA,2,Chaparral,TX,nest2,28.38067,#FIELD!,07/12/2017,normal,2CH53G,NA,29.124
2CH54G,667,REP,E10,Triatoma,sample,N,N,field,Tgerstaeckeri,L3,L1_3,NA,NA,1,Chaparral,TX,nest2,28.38067,#FIELD!,07/12/2017,normal,2CH54G,NA,19.926
2CH12A,11405,REP,H11,Triatoma,sample,N,N,field,Tgerstaeckeri,L1,L1_3,NA,yes,NA,Chaparral,TX,nest2,28.38067,#FIELD!,07/12/2017,green,2CH12A,NA,24.062
2CH48A,18491,REP,A12,Triatoma,sample,N,N,field,Tgerstaeckeri,L1,L1_3,NA,yes,NA,Chaparral,TX,nest2,28.38067,#FIELD!,7/13/2017,whitish,2CH48A,NA,16.921
2CH57G,409,REP,B12,Triatoma,sample,N,N,field,Tgerstaeckeri,L1,L1_3,NA,yes,2,Chaparral,TX,nest2,28.38067,#FIELD!,07/12/2017,green,2CH57G,NA,2.516
2L04A,11512,REP,E1,Triatoma,sample,P,Tc1,field,Tgerstaeckeri,L5,L4_6,NA,no,NA,Lackland_AFB,TX,0,NA,NA,6/30/2017,NA,2L04A,NA,150.552
3L01A,6464,REP,F1,Triatoma,sample,N,N,field,Tgerstaeckeri,L1,L1_3,NA,no,NA,Lackland_AFB,TX,0,NA,NA,6/30/2017,NA,3L01A,NA,18.042
3L02A,11019,REP,G1,Triatoma,sample,N,N,field,Tgerstaeckeri,L1,L1_3,NA,no,NA,Lackland_AFB,TX,0,NA,NA,6/30/2017,NA,3L02A,NA,22.834
3L03A,4917,REP,H1,Triatoma,sample,N,N,field,Tgerstaeckeri,L1,L1_3,NA,no,NA,Lackland_AFB,TX,0,NA,NA,6/30/2017,NA,3L03A,NA,28.958
3W04A,9435,REP,B6,Triatoma,sample,P,TcMIX,field,Tgerstaeckeri,L3,L1_3,NA,NA,NA,AFB,TX,0,NA,NA,NA,NA,3W04A,NA,39.71
4L01A,20133,REP,A2,Triatoma,sample,P,Tc1,field,Tgerstaeckeri,L6,L4_6,female,no,NA,Lackland_AFB,TX,0,NA,NA,6/30/2017,NA,4L01A,NA,70.847
4L02A,6962,REP,B2,Triatoma,sample,P,Tc1,field,Tgerstaeckeri,L6,L4_6,female,no,NA,Lackland_AFB,TX,0,NA,NA,6/30/2017,NA,4L02A,NA,60.687
4L03A,27088,REP,C2,Triatoma,sample,P,Tc1,field,Tgerstaeckeri,L5,L4_6,NA,yes,NA,Lackland_AFB,TX,0,NA,NA,6/30/2017,NA,4L03A,NA,70.939
4W02A,17925,REP,F2,Triatoma,sample,N,N,field,Tgerstaeckeri,L2_3,L1_3,NA,NA,NA,Lackland_AFB,TX,0,NA,NA,NA,NA,4W02A,NA,51.055
4W03A,18601,REP,G2,Triatoma,sample,FALSE,Undetermined,field,Tgerstaeckeri,L2_3,L1_3,NA,NA,NA,Lackland_AFB,TX,0,NA,NA,NA,NA,4W03A,NA,64.078
4W04A,9612,REP,H2,Triatoma,sample,N,N,field,Tgerstaeckeri,L2_3,L1_3,NA,NA,NA,AFB,TX,0,NA,NA,NA,NA,4W04A,NA,55.369
4W06A,20760,REP,A3,Triatoma,sample,N,N,field,Tgerstaeckeri,L2,L1_3,NA,NA,NA,Lackland_AFB,TX,0,NA,NA,NA,NA,4W06A,NA,1.226
2CH01G,3990,REP,E6,Triatoma,sample,P,TcMIX,field,Tlecticularia,L6,L4_6,male,NA,3,Chaparral,TX,nest2,28.38067,#FIELD!,7/14/2017,normal,2CH01G,NA,21.35
2CH02G,16638,REP,F6,Triatoma,sample,N,N,field,Tlecticularia,L6,L4_6,male,NA,2,Chaparral,TX,nest2,28.38067,#FIELD!,7/14/2017,normal,2CH02G,NA,18.949
2CH03G,104,REP,G6,Triatoma,sample,N,N,field,Tlecticularia,L6,L4_6,male,NA,3,Chaparral,TX,nest2,28.38067,#FIELD!,7/14/2017,normal,2CH03G,NA,5.513
2CH04G,16336,REP,H6,Triatoma,sample,FALSE,Undetermined,field,Tlecticularia,L6,L4_6,male,NA,2,Chaparral,TX,nest2,28.38067,#FIELD!,7/14/2017,normal,2CH04G,NA,25.551
2CH28G,26700,REP,B7,Triatoma,sample,N,N,field,Tlecticularia,L6,L4_6,male,NA,3,Chaparral,TX,nest2,28.38067,#FIELD!,7/13/2017,normal,2CH28G,NA,26.602
2CH39G,10986,REP,C7,Triatoma,sample,N,N,field,Tlecticularia,L5,L4_6,NA,yes,3,Chaparral,TX,nest2,28.38067,#FIELD!,7/13/2017,normal,2CH39G,NA,8.87
2CH42G,14537,REP,F7,Triatoma,sample,N,N,field,Tlecticularia,L4,L4_6,NA,yes,3,Chaparral,TX,nest2,28.38067,#FIELD!,7/13/2017,popped,2CH42G,NA,23.132
2CH18G,23918,REP,A7,Triatoma,sample,P,Tc2,field,Tlecticularia,L6,L4_6,male,NA,2,Chaparral,TX,nest2,28.38067,#FIELD!,07/12/2017,normal,2CH18G,NA,25.947
2CH43G,18633,REP,G7,Triatoma,sample,N,N,field,Tlecticularia,L4,L4_6,NA,yes,3,Chaparral,TX,nest2,28.38067,#FIELD!,7/13/2017,yellow_faeces,2CH43G,NA,28.531
2CH44G,28234,REP,H7,Triatoma,sample,N,N,field,Tlecticularia,L4,L4_6,NA,yes,3,Chaparral,TX,nest2,28.38067,#FIELD!,7/13/2017,normal,2CH44G,NA,37.167
2CH06G,4240,REP,A8,Triatoma,sample,N,N,field,Tlecticularia,L3,L1_3,NA,NA,2,Chaparral,TX,nest2,28.38067,#FIELD!,7/14/2017,normal,2CH06G,NA,5.077
2CH07G,19757,REP,B8,Triatoma,sample,N,N,field,Tlecticularia,L3,L1_3,NA,yes,3,Chaparral,TX,nest2,28.38067,#FIELD!,7/14/2017,normal,2CH07G,NA,24.554
2CH30G,3807,REP,C8,Triatoma,sample,N,N,field,Tlecticularia,L3,L1_3,NA,yes,3,Chaparral,TX,nest2,28.38067,#FIELD!,7/13/2017,normal,2CH30G,NA,11.875
2CH41G,30448,REP,E7,Triatoma,sample,P,Tc1,field,Tlecticularia,L4,L4_6,NA,NA,3,Chaparral,TX,nest2,28.38067,#FIELD!,7/13/2017,normal,2CH41G,NA,63.088
2CH36G,7682,REP,D8,Triatoma,sample,N,N,field,Tlecticularia,L3,L1_3,NA,NA,2,Chaparral,TX,nest2,28.38067,#FIELD!,7/13/2017,normal,2CH36G,NA,19.44
2CH45G,16526,REP,E8,Triatoma,sample,N,N,field,Tlecticularia,L3,L1_3,NA,yes,3,Chaparral,TX,nest2,28.38067,#FIELD!,7/13/2017,normal,2CH45G,NA,14.831
2CH14A,2719,REP,G8,Triatoma,sample,N,N,field,Tlecticularia,L2,L1_3,NA,NA,NA,Chaparral,TX,nest2,28.38067,#FIELD!,07/12/2017,normal,2CH14A,NA,42.033
2CH35A,13139,REP,H8,Triatoma,sample,N,N,field,Tlecticularia,L2,L1_3,NA,NA,NA,Chaparral,TX,nest2,28.38067,#FIELD!,7/13/2017,normal,2CH35A,NA,35.779
2CH46A,20114,REP,A9,Triatoma,sample,N,N,field,Tlecticularia,L2,L1_3,NA,NA,NA,Chaparral,TX,nest2,28.38067,#FIELD!,7/13/2017,normal,2CH46A,NA,20.85
2CH47A,7983,REP,B9,Triatoma,sample,FALSE,Undetermined,field,Tlecticularia,L1_2,L1_3,NA,NA,NA,Chaparral,TX,nest2,28.38067,#FIELD!,7/13/2017,normal,2CH47A,NA,19.951
2CH51G,24994,REP,D7,Triatoma,sample,P,Tc1,field,Tlecticularia,L5,L4_6,NA,yes,3,Chaparral,TX,nest2,28.38067,#FIELD!,07/12/2017,normal,2CH51G,NA,40.858
2CH52G,2889,REP,F8,Triatoma,sample,P,Tc1,field,Tlecticularia,L3,L1_3,NA,NA,2,Chaparral,TX,nest2,28.38067,#FIELD!,07/12/2017,green,2CH52G,NA,28.596
LC19i6A0,5241,1,G9,Triatoma,sample,N,N,field,Tprotracta,L6,L4_6,male,no,0,LCNCA,AZ,nest3,31.74319,#FIELD!,3.7.2018,NA,LC19i6A0,45.33,20.945
LC20i6A0,10763,1,H9,Triatoma,sample,N,N,field,Tprotracta,L6,L4_6,male,no,0,LCNCA,AZ,nest3,31.74319,#FIELD!,3.7.2018,NA,LC20i6A0,90.653,29.874
LC21i6A1,19419,1,A10,Triatoma,sample,N,N,field,Tprotracta,L6,L4_6,female,yes,1,LCNCA,AZ,nest3,31.74319,#FIELD!,3.7.2018,NA,LC21i6A1,90.612,24.66
LC27i6A1,21744,1,G10,Triatoma,sample,N,N,field,Tprotracta,L6,L4_6,female,yes,1,LCNCA,AZ,nest4,31.76091,#FIELD!,6.7.2018,NA,LC27i6A1,126.696,24.516
LC31i6A0,11655,1,B11,Triatoma,sample,P,TcMIX,field,Tprotracta,L6,L4_6,female,no,0,LCNCA,AZ,nest5,31.76432,#FIELD!,6.7.2018,NA,LC31i6A0,270.277,14.453
LC9i6A1,13916,1,A9,Triatoma,sample,N,N,field,Tprotracta,L6,L4_6,female,yes,1,LCNCA,AZ,nest2,31.75919,#FIELD!,2.7.2018,NA,LC9i6A1,413.874,38.789
TU31i6A2,24740,1,C4,Triatoma,sample,N,N,field,Tprotracta,L6,L4_6,female,yes,2,UADS,AZ,nest4,32.25675,#FIELD!,9.7.2018,NA,TU31i6A2,110.388,47.642
TU52i6A3,12979,1,A6,Triatoma,sample,N,N,field,Tprotracta,L6,L4_6,female,yes,3,UADS,AZ,nest7,32.2536,#FIELD!,10.7.2018,NA,TU52i6A3,94.998,18.394
TU53i6A0,17398,1,B6,Triatoma,sample,N,N,field,Tprotracta,L6,L4_6,female,no,0,UADS,AZ,nest7,32.2536,#FIELD!,10.7.2018,NA,TU53i6A0,483.938,29.828
LC30i5A1,1930,1,A11,Triatoma,sample,P,Tc1,field,Tprotracta,L5,L4_6,NA,yes,1,LCNCA,AZ,nest4,31.76091,#FIELD!,6.7.2018,NA,LC30i5A1,124.528,13.31
LC22i5A3,19071,1,B10,Triatoma,sample,N,N,field,Tprotracta,L5,L4_6,NA,yes,3,LCNCA,AZ,nest3,31.74319,#FIELD!,3.7.2018,NA,LC22i5A3,60.481,23.963
LC35i5A3,450,1,E11,Triatoma,sample,N,N,field,Tprotracta,L5,L4_6,NA,yes,3,LCNCA,AZ,nest5,31.76432,#FIELD!,6.7.2018,NA,LC35i5A3,130.757,8.075
LC24i5A3,11653,1,D10,Triatoma,sample,N,N,field,Tprotracta,L5,L4_6,NA,yes,3,LCNCA,AZ,nest3,31.74319,#FIELD!,3.7.2018,NA,LC24i5A3,47.488,19.02
LC29i4A3,684,1,H10,Triatoma,sample,N,N,field,Tprotracta,L4,L4_6,NA,yes,3,LCNCA,AZ,nest4,31.76091,#FIELD!,6.7.2018,NA,LC29i4A3,203.782,28.036
LC25i5A1,3679,1,E10,Triatoma,sample,N,N,field,Tprotracta,L5,L4_6,NA,yes,1,LCNCA,AZ,nest3,31.74319,#FIELD!,3.7.2018,NA,LC25i5A1,468.857,23.405
LC34i5A1,7572,1,D11,Triatoma,sample,N,N,field,Tprotracta,L5,L4_6,NA,yes,1,LCNCA,AZ,nest5,31.76432,#FIELD!,6.7.2018,NA,LC34i5A1,110.427,11.726
TU69i6A1,13242,1,D7,Triatoma,sample,N,N,field,Tprotracta,L6,L4_6,female,yes,1,UADS,AZ,nest9,32.25354,#FIELD!,11.7.2018,NA,TU69i6A1,117.468,19.348
TU23i6A1,816,1,E3,Triatoma,sample,P,TcMIX,field,Tprotracta,L6,L4_6,female,yes,1,UADS,AZ,nest3,32.25712,#FIELD!,9.7.2018,NA,TU23i6A1,717.167,59.918
TU28i5A1,5706,1,B4,Triatoma,sample,N,N,field,Tprotracta,L5,L4_6,NA,yes,1,UADS,AZ,nest3,32.25712,#FIELD!,9.7.2018,NA,TU28i5A1,197.519,54.926
TU32i6A2,14010,1,D4,Triatoma,sample,P,TcMIX,field,Tprotracta,L6,L4_6,female,yes,2,UADS,AZ,nest4,32.25675,#FIELD!,9.7.2018,NA,TU32i6A2,56.982,30.887
TU33i6A1,23797,1,E4,Triatoma,sample,P,Tc1,field,Tprotracta,L6,L4_6,male,yes,1,UADS,AZ,nest4,32.25675,#FIELD!,9.7.2018,NA,TU33i6A1,100.799,48.675
LC23i4A3,12688,1,C10,Triatoma,sample,N,N,field,Tprotracta,L4,L4_6,NA,yes,3,LCNCA,AZ,nest3,31.74319,#FIELD!,3.7.2018,NA,LC23i4A3,73.303,24.034
LC36i4A1,1352,1,F11,Triatoma,sample,N,N,field,Tprotracta,L4,L4_6,NA,yes,1,LCNCA,AZ,nest5,31.76432,#FIELD!,6.7.2018,NA,LC36i4A1,50.449,11.817
TU35i5A1,9207,1,G4,Triatoma,sample,N,N,field,Tprotracta,L5,L4_6,NA,yes,1,UADS,AZ,nest4,32.25675,#FIELD!,9.7.2018,NA,TU35i5A1,33.543,22.992
TU20i5A0,459,1,B3,Triatoma,sample,N,N,field,Tprotracta,L5,L4_6,NA,no,0,UADS,AZ,bob,32.258439,#FIELD!,19.5.2018,NA,TU20i5A0,340.995,30.764
TU26i5A3,1448,1,H3,Triatoma,sample,P,Tc2,field,Tprotracta,L5,L4_6,NA,yes,3,UADS,AZ,nest3,32.25712,#FIELD!,9.7.2018,NA,TU26i5A3,87.315,14.499
TU27i5A0,3030,1,A4,Triatoma,sample,P,TcMIX,field,Tprotracta,L5,L4_6,NA,no,0,UADS,AZ,nest3,32.25712,#FIELD!,9.7.2018,NA,TU27i5A0,62.7,48.13
SP1i4A2,14851,1,H8,Triatoma,sample,N,N,field,Tprotracta,L4,L4_6,NA,yes,2,SPRNCA,AZ,nest1,31.550325,#FIELD!,6.7.2018,NA,SP1i4A2,60.421,21.071
TU71i5A1,13564,1,E7,Triatoma,sample,N,N,field,Tprotracta,L5,L4_6,NA,yes,1,UADS,AZ,nest10,32.25457,#FIELD!,11.7.2018,NA,TU71i5A1,45.062,34.491
TU81i5A0,2052,1,A8,Triatoma,sample,N,N,field,Tprotracta,L5,L4_6,NA,no,0,UADS,AZ,nest13,32.252297,#FIELD!,12.7..2018,NA,TU81i5A0,78.595,27.29
TU49i4A2,8550,2,E9,Triatoma,sample,N,N,field,Tprotracta,L4,L4_6,NA,yes,2,UADS,AZ,nest6,32.25526,#FIELD!,10.7.2018,NA,TU49i4A2,94.745,22.839
TU49i4B1,10634,2,F9,Triatoma,sample,N,N,field,Tprotracta,L4,L4_6,NA,yes,1,UADS,AZ,nest6,32.25526,#FIELD!,10.7.2018,NA,TU49i4B1,164.19,15.702
LC3i3A2,1390,2,C2,Triatoma,sample,N,N,field,Tprotracta,L3,L1_3,NA,yes,2,LCNCA,AZ,nest1,31.75895,#FIELD!,2.7.2018,NA,LC3i3A2,51.978,31.534
TU58i3A1,1926,1,C6,Triatoma,sample,N,N,field,Tprotracta,L3,L1_3,NA,yes,1,UADS,AZ,nest7,32.2536,#FIELD!,10.7.2018,NA,TU58i3A1,47.991,12.444
TU59i3A3,14775,1,D6,Triatoma,sample,N,N,field,Tprotracta,L3,L1_3,NA,yes,3,UADS,AZ,nest7,32.2536,#FIELD!,10.7.2018,NA,TU59i3A3,13.222,16.88
TU62i3A2,9924,1,F6,Triatoma,sample,N,N,field,Tprotracta,L3,L1_3,NA,yes,2,UADS,AZ,nest7,32.2536,#FIELD!,10.7.2018,NA,TU62i3A2,19.122,22.895
TU66i3A1,5662,1,B7,Triatoma,sample,N,N,field,Tprotracta,L3,L1_3,NA,yes,1,UADS,AZ,nest8,32.25219,#FIELD!,11.7.2018,NA,TU66i3A1,NA,16.092
TU50i3A3,14290,2,G9,Triatoma,sample,N,N,field,Tprotracta,L3,L1_3,NA,yes,3,UADS,AZ,nest6,32.25526,#FIELD!,10.7.2018,NA,TU50i3A3,75.815,17.875
VM4i6A1,7559,1,F8,Triatoma,sample,N,N,field,Tprotracta,L6,L4_6,female,yes,1,LVH,AZ,LVH,32.229894,#FIELD!,43252,NA,VM4i6A1,212.511,14.487
B143,31175,NIC,D3,Triatoma,sample,N,NA,field,Tprotracta,L6,L4_6,female,NA,NA,Bisbee,AZ,houseIO,NA,NA,2017,NA,B143,59.415,53.542
B158,35057,NIC,E2,Triatoma,sample,N,NA,field,Tprotracta,L6,L4_6,male,NA,NA,Bisbee,AZ,houseIO,NA,NA,2017,NA,B158,110.55,0.832
B31,15426,NIC,H2,Triatoma,sample,N,NA,field,Tprotracta,L6,L4_6,male,NA,NA,Bisbee,AZ,houseIO,NA,NA,2017,NA,B31,27.655,35.567
B35,24974,NIC,A3,Triatoma,sample,N,NA,field,Tprotracta,L6,L4_6,female,NA,NA,Bisbee,AZ,houseIO,NA,NA,2017,NA,B35,28.375,54.961
B52,33444,NIC,B3,Triatoma,sample,N,NA,field,Tprotracta,L6,L4_6,female,NA,NA,Bisbee,AZ,houseIO,NA,NA,2017,NA,B52,100.97,35.138
B53,34290,NIC,C3,Triatoma,sample,N,NA,field,Tprotracta,L6,L4_6,male,NA,NA,Bisbee,AZ,houseIO,NA,NA,2017,NA,B53,42.99,57.313
B96,28305,NIC,F1,Triatoma,sample,N,NA,field,Tprotracta,L6,L4_6,male,NA,NA,Bisbee,AZ,houseIO,NA,NA,2017,NA,B96,210.755,71.002
T24,10881,NIC,G10,Triatoma,sample,N,NA,field,Tprotracta,L6,L4_6,female,NA,NA,TucsonN,AZ,houseIO,NA,NA,2017,NA,T24,102.305,23.788
T33,7487,NIC,G11,Triatoma,sample,P,NA,field,Tprotracta,L6,L4_6,male,NA,NA,Catalina,AZ,houseIO,NA,NA,2017,NA,T33,174.155,29.131
T45,36938,NIC,A4,Triatoma,sample,N,NA,field,Tprotracta,L6,L4_6,female,NA,NA,SaguaroW,AZ,houseIO,NA,NA,Unknown,NA,T45,140.2,20.298
T46,2998,NIC,B4,Triatoma,sample,N,NA,field,Tprotracta,L6,L4_6,male,NA,NA,SaguaroW,AZ,houseIO,NA,NA,2016,NA,T46,305.265,11.737
LC3i3C2,2946,2,E2,Triatoma,sample,N,N,field,Tprotracta,L3,L1_3,NA,yes,2,LCNCA,AZ,nest1,31.75895,#FIELD!,2.7.2018,NA,LC3i3C2,20.168,52.114
LC3i3D2,1299,2,F2,Triatoma,sample,N,N,field,Tprotracta,L3,L1_3,NA,yes,2,LCNCA,AZ,nest1,31.75895,#FIELD!,2.7.2018,NA,LC3i3D2,23.671,37.961
TU50i3C3,10468,2,A10,Triatoma,sample,N,N,field,Tprotracta,L3,L1_3,NA,yes,3,UADS,AZ,nest6,32.25526,#FIELD!,10.7.2018,NA,TU50i3C3,200.341,40.033
LC2i2F1,379,2,B2,Triatoma,sample,N,N,field,Tprotracta,L2,L1_3,NA,yes,1,LCNCA,AZ,nest1,31.75895,#FIELD!,2.7.2018,NA,LC2i2F1,27.332,29.24
TU56i3B3,15044,2,A11,Triatoma,sample,N,N,field,Tprotracta,L3,L1_3,NA,yes,3,UADS,AZ,nest7,32.2536,#FIELD!,10.7.2018,NA,TU56i3B3,67.794,25.62
LC2i2B2,1954,2,F1,Triatoma,sample,N,N,field,Tprotracta,L2,L1_3,NA,yes,2,LCNCA,AZ,nest1,31.75895,#FIELD!,2.7.2018,NA,LC2i2B2,20.663,22.041
TU43i2A1,332,1,B5,Triatoma,sample,N,N,field,Tprotracta,L2,L1_3,NA,yes,1,UADS,AZ,nest4,32.25675,#FIELD!,9.7.2018,NA,TU43i2A1,16.794,9.254
TU84i2A0,4442,1,B8,Triatoma,sample,N,N,field,Tprotracta,L2,L1_3,NA,no,0,UADS,AZ,nest13,32.252297,#FIELD!,12.7..2018,NA,TU84i2A0,42.278,13.366
TU61i1A1,311,1,E6,Triatoma,sample,N,N,field,Tprotracta,L1,L1_3,NA,yes,1,UADS,AZ,nest7,32.2536,#FIELD!,10.7.2018,NA,TU61i1A1,4.52,11.833
JC1i4A2,4830,1,H11,Triatoma,sample,N,N,colony,Trecurva,L4,L4_6,NA,yes,2,JC,AZ,JC,32.241693,#FIELD!,10.7.2018,cockroach,JC1i4A2,348.331,15.801
JC2i4A1,1741,1,A12,Triatoma,sample,N,N,colony,Trecurva,L4,L4_6,NA,yes,1,JC,AZ,JC,32.241693,#FIELD!,10.7.2018,cockroach,JC2i4A1,461.016,38.838
JC3i4A1,29146,1,B12,Triatoma,sample,N,N,colony,Trecurva,L4,L4_6,NA,yes,1,JC,AZ,JC,32.241693,#FIELD!,10.7.2018,cockroach,JC3i4A1,340.687,37.918
JC4i4A2,1790,1,C12,Triatoma,sample,N,N,colony,Trecurva,L4,L4_6,NA,yes,2,JC,AZ,JC,32.241693,#FIELD!,10.7.2018,cockroach,JC4i4A2,387.53,34.115
JC6i4A3,29576,1,E12,Triatoma,sample,N,NA,colony,Trecurva,L4,L4_6,NA,yes,3,JC,AZ,JC,32.241693,#FIELD!,10.7.2018,blood,JC6i4A3,30.42,37.033
JC7i4A3,38583,1,F12,Triatoma,sample,N,NA,colony,Trecurva,L4,L4_6,NA,yes,3,JC,AZ,JC,32.241693,#FIELD!,10.7.2018,blood,JC7i4A3,128.551,39.457
JC8i4A3,37672,1,G12,Triatoma,sample,N,NA,colony,Trecurva,L4,L4_6,NA,yes,3,JC,AZ,JC,32.241693,#FIELD!,10.7.2018,blood,JC8i4A3,359.769,40.739
JC9i4A3,24088,1,H12,Triatoma,sample,N,NA,colony,Trecurva,L4,L4_6,NA,yes,3,JC,AZ,JC,32.241693,#FIELD!,10.7.2018,blood,JC9i4A3,106.317,19.237
TU6i6A0,1665,1,D1,Triatoma,sample,N,N,field,Trecurva,L6,L4_6,male,no,0,UADS,AZ,bob,32.258439,#FIELD!,19.5.2018,NA,TU6i6A0,563.232,41.659
JC10i4A3,20325,2,E6,Triatoma,sample,N,NA,colony,Trecurva,L4,L4_6,NA,yes,3,JC,AZ,JC,32.241693,#FIELD!,10.7.2018,blood,JC10i4A3,167.033,24.45
B140,38070,NIC,A2,Triatoma,sample,N,NA,field,Trecurva,L6,L4_6,female,NA,NA,Bisbee,AZ,houseIO,NA,NA,2017,NA,B140,473.2,35.507
B152,11752,NIC,B2,Triatoma,sample,N,NA,field,Trecurva,L6,L4_6,male,NA,NA,Bisbee,AZ,houseIO,NA,NA,2017,NA,B152,69.57,42.455
B153,46557,NIC,C2,Triatoma,sample,N,NA,field,Trecurva,L6,L4_6,male,NA,NA,Bisbee,AZ,houseIO,NA,NA,2017,NA,B153,147.105,50.895
B156,4723,NIC,D2,Triatoma,sample,N,NA,field,Trecurva,L6,L4_6,female,NA,NA,Bisbee,AZ,houseIO,NA,NA,2017,NA,B156,190.61,46.236
B36,49163,NIC,A1,Triatoma,sample,N,NA,field,Trecurva,L6,L4_6,female,NA,NA,Bisbee,AZ,houseIO,NA,NA,2017,NA,B36,15.595,24.802
B39,4493,NIC,B1,Triatoma,sample,N,NA,field,Trecurva,L6,L4_6,male,NA,NA,Bisbee,AZ,houseIO,NA,NA,2017,NA,B39,57.595,51.576
B42,17481,NIC,C1,Triatoma,sample,N,NA,field,Trecurva,L6,L4_6,female,NA,NA,Bisbee,AZ,houseIO,NA,NA,2017,NA,B42,44.775,25.488
B45,14289,NIC,D1,Triatoma,sample,N,NA,field,Trecurva,L6,L4_6,female,NA,NA,Bisbee,AZ,houseIO,NA,NA,2017,NA,B45,312.905,9.538
B48,9957,NIC,E1,Triatoma,sample,N,NA,field,Trecurva,L6,L4_6,female,NA,NA,Bisbee,AZ,houseIO,NA,NA,2017,NA,B48,312.67,56.003
T16,35035,NIC,G9,Triatoma,sample,N,NA,field,Trecurva,L6,L4_6,male,NA,NA,Catalina_Foothills,AZ,houseIO,NA,NA,2017,NA,T16,116,84.661
T23,8294,NIC,F10,Triatoma,sample,N,NA,field,Trecurva,L6,L4_6,male,NA,NA,TucsonN,AZ,houseIO,NA,NA,2017,NA,T23,142.73,17.997
T31,6740,NIC,E11,Triatoma,sample,P,NA,field,Trecurva,L6,L4_6,female,NA,NA,Catalina,AZ,houseIO,NA,NA,2017,NA,T31,163.74,15.12
T32,9347,NIC,F11,Triatoma,sample,N,NA,field,Trecurva,L6,L4_6,male,NA,NA,Catalina,AZ,houseIO,NA,NA,2017,NA,T32,185.76,39.062
LC17i6A1,19919,1,E9,Triatoma,sample,N,N,field,Trubida,L6,L4_6,female,yes,1,LCNCA,AZ,nest3,31.74319,#FIELD!,3.7.2018,NA,LC17i6A1,177.407,31.702
LC26i6A1,25058,1,F10,Triatoma,sample,N,N,field,Trubida,L6,L4_6,female,yes,1,LCNCA,AZ,nest4,31.76091,#FIELD!,6.7.2018,NA,LC26i6A1,235.475,27.912
LC15i5A3,25,1,C9,Triatoma,sample,N,N,field,Trubida,L5,L4_6,NA,yes,3,LCNCA,AZ,nest2,31.75919,#FIELD!,2.7.2018,NA,LC15i5A3,60.157,26.379
LC16i5A1,11514,1,D9,Triatoma,sample,N,N,field,Trubida,L5,L4_6,NA,yes,1,LCNCA,AZ,nest2,31.75919,#FIELD!,2.7.2018,NA,LC16i5A1,22.609,22.425
TU10i6A0,2781,1,H1,Triatoma,sample,N,N,field,Trubida,L6,L4_6,male,no,0,UADS,AZ,bob,32.258439,#FIELD!,19.5.2018,NA,TU10i6A0,230.226,53.752
TU17i6A0,22188,1,G2,Triatoma,sample,N,N,field,Trubida,L6,L4_6,male,no,0,UADS,AZ,bob,32.258439,#FIELD!,19.5.2018,NA,TU17i6A0,241.786,50.616
LC37i1A3,1546,1,G11,Triatoma,sample,FALSE,Undetermined,field,Trubida,L1,L1_3,NA,yes,3,LCNCA,AZ,nest5,31.76432,#FIELD!,6.7.2018,NA,LC37i1A3,2.952,8.424
TU8i6A0,3152,1,F1,Triatoma,sample,N,N,field,Trubida,L6,L4_6,female,no,0,UADS,AZ,bob,32.258439,#FIELD!,19.5.2018,NA,TU8i6A0,330.504,39.932
TU11i6A0,8502,1,A2,Triatoma,sample,P,TcMIX,field,Trubida,L6,L4_6,female,no,0,UADS,AZ,bob,32.258439,#FIELD!,19.5.2018,NA,TU11i6A0,274.259,41.834
TU12i6A0,3869,1,B2,Triatoma,sample,P,TcMIX,field,Trubida,L6,L4_6,female,no,0,UADS,AZ,bob,32.258439,#FIELD!,19.5.2018,NA,TU12i6A0,542.728,65.808
TU13i6A2,7954,1,C2,Triatoma,sample,P,TcMIX,field,Trubida,L6,L4_6,female,yes,2,UADS,AZ,bob,32.258439,#FIELD!,19.5.2018,NA,TU13i6A2,96.709,46.641
TU14i6A0,12155,1,D2,Triatoma,sample,P,TcMIX,field,Trubida,L6,L4_6,male,no,0,UADS,AZ,bob,32.258439,#FIELD!,19.5.2018,NA,TU14i6A0,512.253,36.01
TU15i6A0,14223,1,E2,Triatoma,sample,P,TcMIX,field,Trubida,L6,L4_6,female,no,0,UADS,AZ,bob,32.258439,#FIELD!,19.5.2018,NA,TU15i6A0,349.619,79.856
TU16i6A0,5,1,F2,Triatoma,sample,N,N,field,Trubida,L6,L4_6,female,no,0,UADS,AZ,bob,32.258439,#FIELD!,19.5.2018,NA,TU16i6A0,377.905,67.77
VM1i6A1,10825,1,C8,Triatoma,sample,N,N,field,Trubida,L6,L4_6,male,yes,1,LVH,AZ,LVH,32.229894,#FIELD!,43252,NA,VM1i6A1,162.622,41.214
TU18i6A0,24193,1,H2,Triatoma,sample,P,TcMIX,field,Trubida,L6,L4_6,male,no,0,UADS,AZ,bob,32.258439,#FIELD!,19.5.2018,NA,TU18i6A0,329.784,46.647
TU19i6A2,256,1,A3,Triatoma,sample,N,N,field,Trubida,L6,L4_6,male,no,0,UADS,AZ,bob,32.258439,#FIELD!,19.5.2018,NA,TU19i6A2,11.401,6.116
VM2i6A1,3162,1,D8,Triatoma,sample,N,N,field,Trubida,L6,L4_6,male,yes,1,LVH,AZ,LVH,32.229894,#FIELD!,43252,NA,VM2i6A1,199.764,34.016
TU21i6A1,15702,1,C3,Triatoma,sample,P,TcMIX,field,Trubida,L6,L4_6,female,yes,1,UADS,AZ,nest3,32.25712,#FIELD!,9.7.2018,NA,TU21i6A1,695.906,46.752
TU22i6A1,771,1,D3,Triatoma,sample,P,Tc1,field,Trubida,L6,L4_6,male,yes,1,UADS,AZ,nest3,32.25712,#FIELD!,9.7.2018,NA,TU22i6A1,671.499,39.809
TU44i6A3,9946,1,C5,Triatoma,sample,P,TcMIX,field,Trubida,L6,L4_6,male,yes,3,UADS,AZ,nest5,32.25621,#FIELD!,10.7.2018,NA,TU44i6A3,557.374,28.027
TU46i6A0,3217,1,E5,Triatoma,sample,P,TcMIX,field,Trubida,L6,L4_6,male,no,0,UADS,AZ,nest6,32.25526,#FIELD!,10.7.2018,NA,TU46i6A0,220.204,17.294
VM5i6A1,6726,1,G8,Triatoma,sample,N,N,field,Trubida,L6,L4_6,male,yes,1,LVH,AZ,LVH,32.229894,#FIELD!,43252,NA,VM5i6A1,67.801,18.783
TU63i6A1,102,1,G6,Triatoma,sample,N,N,field,Trubida,L6,L4_6,female,yes,1,UADS,AZ,bob,32.258439,#FIELD!,10.7.2018,NA,TU63i6A1,1244.868,12.297
TU9i6A0,5114,1,G1,Triatoma,sample,P,TcMIX,field,Trubida,L6,L4_6,female,no,0,UADS,AZ,bob,32.258439,#FIELD!,19.5.2018,NA,TU9i6A0,307.85,39.187
TU24i5A1,1566,1,F3,Triatoma,sample,P,Tc2,field,Trubida,L5,L4_6,NA,yes,1,UADS,AZ,nest3,32.25712,#FIELD!,9.7.2018,NA,TU24i5A1,78.581,37.382
TU25i5A3,17138,1,G3,Triatoma,sample,P,Tc2,field,Trubida,L5,L4_6,NA,yes,3,UADS,AZ,nest3,32.25712,#FIELD!,9.7.2018,NA,TU25i5A3,185.142,40.364
T43,2332,LAST,B1,Triatoma,sample,N,NA,field,Trubida,L6,L4_6,female,NA,NA,Oro Valley,AZ,houseIO,NA,NA,Oro Valley,NA,T43,46.651,16.031
T44,13276,LAST,C1,Triatoma,sample,N,NA,field,Trubida,L6,L4_6,female,NA,NA,Catalina_Foothills,AZ,houseIO,NA,NA,Catalina Fothills,NA,T44,148.854,17.619
T48,14960,LAST,E1,Triatoma,sample,N,NA,field,Trubida,L6,L4_6,male,NA,NA,SaguaroW,AZ,houseIO,NA,NA,2017,NA,T48,399.62,18.331
TU7i6A0,901,1,E1,Triatoma,sample,N,N,field,Trubida,L6,L4_6,female,no,0,UADS,AZ,bob,32.258439,#FIELD!,19.5.2018,NA,TU7i6A0,357.109,49.686
T53,11247,LAST,B2,Triatoma,sample,N,NA,field,Trubida,L6,L4_6,male,NA,NA,SaguaroW,AZ,houseIO,NA,NA,2017,NA,T53,182.213,15.108
TU2i4B3,699,2,G6,Triatoma,sample,N,N,field,Trubida,L4,L4_6,NA,yes,3,UADS,AZ,nest2,32.25735,#FIELD!,8.7.2018,NA,TU2i4B3,43.625,8.192
B10,31605,NIC,C4,Triatoma,sample,N,NA,field,Trubida,L6,L4_6,male,NA,NA,Bisbee,AZ,houseIO,NA,NA,2017,NA,B10,610.315,17.722
B108,43314,NIC,H1,Triatoma,sample,N,NA,field,Trubida,L6,L4_6,female,NA,NA,Bisbee,AZ,houseIO,NA,NA,2017,NA,B108,71.93,71.248
B109,6588,NIC,B7,Triatoma,sample,N,NA,field,Trubida,L6,L4_6,male,NA,NA,Bisbee,AZ,houseIO,NA,NA,2017,NA,B109,63.465,16.715
TU1i4A3,2674,1,A1,Triatoma,sample,N,N,field,Trubida,L4,L4_6,NA,yes,3,UADS,AZ,nest1,32.25781,#FIELD!,8.7.2018,NA,TU1i4A3,NA,13.306
B111,30101,NIC,D7,Triatoma,sample,N,NA,field,Trubida,L6,L4_6,male,NA,NA,Bisbee,AZ,houseIO,NA,NA,2017,NA,B111,142.08,33.119
TU38i4A2,13787,1,H4,Triatoma,sample,N,N,field,Trubida,L4,L4_6,NA,yes,2,UADS,AZ,nest4,32.25675,#FIELD!,9.7.2018,NA,TU38i4A2,2.501,17.187
B12,34561,NIC,D4,Triatoma,sample,N,NA,field,Trubida,L6,L4_6,female,NA,NA,Bisbee,AZ,houseIO,NA,NA,2017,NA,B12,108.545,1.5
TU45i4A1,2508,1,D5,Triatoma,sample,P,TcMIX,field,Trubida,L4,L4_6,NA,yes,1,UADS,AZ,nest5,32.25621,#FIELD!,10.7.2018,NA,TU45i4A1,87.429,21.666
B14,24461,NIC,F4,Triatoma,sample,N,NA,field,Trubida,L6,L4_6,male,NA,NA,Bisbee,AZ,houseIO,NA,NA,2017,NA,B14,666.98,18.3
B146,41437,NIC,E3,Triatoma,sample,N,NA,field,Trubida,L6,L4_6,male,NA,NA,Bisbee,AZ,houseIO,NA,NA,2017,NA,B146,82.885,23.596
VM3i6A1,58,1,E8,Triatoma,sample,P,TcMIX,field,Trubida,L6,L4_6,male,yes,1,LVH,AZ,LVH,32.229894,#FIELD!,43252,NA,VM3i6A1,136.72,43.753
B15,35918,NIC,G4,Triatoma,sample,N,NA,field,Trubida,L6,L4_6,male,NA,NA,Bisbee,AZ,houseIO,NA,NA,2017,NA,B15,453.805,47.457
LC32i5A1,1923,1,C11,Triatoma,sample,N,N,field,Trubida,L5,L4_6,NA,yes,1,LCNCA,AZ,nest5,31.76432,#FIELD!,6.7.2018,NA,LC32i5A1,185.349,10.86
LC14i4A2,3962,2,E5,Triatoma,sample,N,N,field,Trubida,L4,L4_6,NA,yes,2,LCNCA,AZ,nest2,31.75919,#FIELD!,2.7.2018,NA,LC14i4A2,43.677,40.359
LC14i4B1,3035,2,F5,Triatoma,sample,N,N,field,Trubida,L4,L4_6,NA,yes,1,LCNCA,AZ,nest2,31.75919,#FIELD!,2.7.2018,NA,LC14i4B1,86.912,28.011
LC13i3A3,1006,2,C5,Triatoma,sample,N,N,field,Trubida,L3,L1_3,NA,yes,3,LCNCA,AZ,nest2,31.75919,#FIELD!,2.7.2018,NA,LC13i3A3,27.734,30.579
LC13i3B3,1259,2,D5,Triatoma,sample,N,N,field,Trubida,L3,L1_3,NA,yes,3,LCNCA,AZ,nest2,31.75919,#FIELD!,2.7.2018,NA,LC13i3B3,23.03,27.529
B16,59701,NIC,H4,Triatoma,sample,N,NA,field,Trubida,L6,L4_6,male,NA,NA,Bisbee,AZ,houseIO,NA,NA,2017,NA,B16,746.74,29.155
LC3i3B2,3316,2,D2,Triatoma,sample,N,N,field,Trubida,L3,L1_3,NA,yes,2,LCNCA,AZ,nest1,31.75895,#FIELD!,2.7.2018,NA,LC3i3B2,21.691,23.971
B160,41525,NIC,F2,Triatoma,sample,N,NA,field,Trubida,L6,L4_6,female,NA,NA,Bisbee,AZ,houseIO,NA,NA,2017,NA,B160,34.785,78.12
B162,30824,NIC,E8,Triatoma,sample,N,NA,field,Trubida,L6,L4_6,female,NA,NA,Bisbee,AZ,houseIO,NA,NA,2017,NA,B162,146.765,71.405
B164,23325,NIC,G2,Triatoma,sample,N,NA,field,Trubida,L6,L4_6,female,NA,NA,Bisbee,AZ,houseIO,NA,NA,2017,NA,B164,118.45,54.26
B165,32991,NIC,F8,Triatoma,sample,N,NA,field,Trubida,L6,L4_6,female,NA,NA,Bisbee,AZ,houseIO,NA,NA,2017,NA,B165,60.685,59.935
B17,26094,NIC,A5,Triatoma,sample,N,NA,field,Trubida,L6,L4_6,female,NA,NA,Bisbee,AZ,houseIO,NA,NA,2017,NA,B17,809.6,46.141
B21,23219,NIC,C5,Triatoma,sample,N,NA,field,Trubida,L6,L4_6,female,NA,NA,Bisbee,AZ,houseIO,NA,NA,2017,NA,B21,745.145,31.62
B22,42901,NIC,D5,Triatoma,sample,N,NA,field,Trubida,L6,L4_6,female,NA,NA,Bisbee,AZ,houseIO,NA,NA,2017,NA,B22,327.35,46.498
B26,5193,NIC,H5,Triatoma,sample,N,NA,field,Trubida,L6,L4_6,male,NA,NA,Bisbee,AZ,houseIO,NA,NA,2017,NA,B26,78.36,38.043
B27,20845,NIC,A6,Triatoma,sample,N,NA,field,Trubida,L6,L4_6,male,NA,NA,Bisbee,AZ,houseIO,NA,NA,2017,NA,B27,420.145,12.819
B30,4753,NIC,D6,Triatoma,sample,N,NA,field,Trubida,L6,L4_6,female,NA,NA,Bisbee,AZ,houseIO,NA,NA,2017,NA,B30,668.2,13.317
B32,24749,NIC,E6,Triatoma,sample,N,NA,field,Trubida,L6,L4_6,male,NA,NA,Bisbee,AZ,houseIO,NA,NA,2017,NA,B32,559,24.917
B49,35912,NIC,F6,Triatoma,sample,N,NA,field,Trubida,L6,L4_6,female,NA,NA,Bisbee,AZ,houseIO,NA,NA,2017,NA,B49,470.5,15.664
B50,10827,NIC,G6,Triatoma,sample,N,NA,field,Trubida,L6,L4_6,female,NA,NA,Bisbee,AZ,houseIO,NA,NA,2017,NA,B50,130.42,14.959
B51,26823,NIC,H6,Triatoma,sample,N,NA,field,Trubida,L6,L4_6,female,NA,NA,Bisbee,AZ,houseIO,NA,NA,2017,NA,B51,267.635,28.769
B57,19908,NIC,A7,Triatoma,sample,N,NA,field,Trubida,L6,L4_6,male,NA,NA,Bisbee,AZ,houseIO,NA,NA,2017,NA,B57,66.705,72.054
B97,20076,NIC,G1,Triatoma,sample,N,NA,field,Trubida,L6,L4_6,male,NA,NA,Bisbee,AZ,houseIO,NA,NA,2017,NA,B97,160.305,48.215
OV1,25599,NIC,H8,Triatoma,sample,N,NA,NA,Trubida,L6,L4_6,NA,NA,NA,Oro Valley,AZ,NA,32.429463,#FIELD!,13.6.2017,NA,OV1,211.95,34.116
T12,1195,NIC,D9,Triatoma,sample,N,NA,field,Trubida,L6,L4_6,female,NA,NA,Oro Valley,AZ,houseIO,NA,NA,Unknown,NA,T12,87.54,1.588
T13,4015,NIC,E9,Triatoma,sample,N,NA,field,Trubida,L6,L4_6,male,NA,NA,SaguaroW,AZ,houseIO,NA,NA,Unknown,NA,T13,514.66,5.64
T14,24318,NIC,F3,Triatoma,sample,N,NA,field,Trubida,L6,L4_6,female,NA,NA,Tucson,AZ,houseIO,NA,NA,2017,NA,T14,151.21,40.734
T15,29100,NIC,F9,Triatoma,sample,N,NA,field,Trubida,L6,L4_6,female,NA,NA,Catalina_Foothills,AZ,houseIO,NA,NA,2017,NA,T15,29.83,37.861
T17,23210,NIC,H9,Triatoma,sample,N,NA,field,Trubida,L6,L4_6,male,NA,NA,Catalina_Foothills,AZ,houseIO,NA,NA,2017,NA,T17,115.035,54.64
T18,29315,NIC,A10,Triatoma,sample,N,NA,field,Trubida,L6,L4_6,male,NA,NA,Catalina_Foothills,AZ,houseIO,NA,NA,2017,NA,T18,156.54,54.874
T26,12306,NIC,A11,Triatoma,sample,N,NA,field,Trubida,L6,L4_6,female,NA,NA,TucsonN,AZ,houseIO,NA,NA,2017,NA,T26,135.33,19.686
LC12i2A2,825,1,B9,Triatoma,sample,N,N,field,Trubida,L2,L1_3,NA,yes,2,LCNCA,AZ,nest2,31.75919,#FIELD!,2.7.2018,NA,LC12i2A2,7.337,9.593
T27,30333,NIC,G3,Triatoma,sample,N,NA,field,Trubida,L6,L4_6,male,NA,NA,TucsonN,AZ,houseIO,NA,NA,2017,NA,T27,97.29,48.413
T29,27614,NIC,C11,Triatoma,sample,N,NA,field,Trubida,L6,L4_6,female,NA,NA,TucsonN,AZ,houseIO,NA,NA,2017,NA,T29,70.51,23.719
T3,17256,NIC,B9,Triatoma,sample,N,NA,field,Trubida,L6,L4_6,male,NA,NA,Tucson,AZ,houseIO,NA,NA,Unknown,NA,T3,18.7,34.748
T37,29684,NIC,C12,Triatoma,sample,N,NA,field,Trubida,L6,L4_6,female,NA,NA,Catalina,AZ,houseIO,NA,NA,2017,NA,T37,51.82,14.89
T42,24339,NIC,H3,Triatoma,sample,N,NA,field,Trubida,L6,L4_6,male,NA,NA,Tucson,AZ,houseIO,NA,NA,Unknown,NA,T42,14.53,9.019
LC11i2B1,487,2,H4,Triatoma,sample,N,N,field,Trubida,L2,L1_3,NA,yes,1,LCNCA,AZ,nest2,31.75919,#FIELD!,2.7.2018,NA,LC11i2B1,26.693,10.488
TU47i4A3,4251,1,F5,Triatoma,sample,N,N,field,Trubida,L4,L4_6,NA,yes,3,UADS,AZ,nest6,32.25526,#FIELD!,10.7.2018,NA,TU47i4A3,91.192,12.116
LC11i2A1,1112,2,G4,Triatoma,sample,N,N,field,Trubida,L2,L1_3,NA,yes,1,LCNCA,AZ,nest2,31.75919,#FIELD!,2.7.2018,NA,LC11i2A1,19.538,11.428
TU37i4C3,22335,2,E8,Triatoma,sample,P,TcMIX,field,Trubida,L4,L4_6,NA,yes,3,UADS,AZ,nest4,32.25675,#FIELD!,9.7.2018,NA,TU37i4C3,22.98,24.265
TU39i4A1,22539,2,F8,Triatoma,sample,P,Tc1,field,Trubida,L4,L4_6,NA,yes,1,UADS,AZ,nest4,32.25675,#FIELD!,9.7.2018,NA,TU39i4A1,142.42,30.506
TU48i4A1,7929,1,G5,Triatoma,sample,N,N,field,Trubida,L4,L4_6,NA,yes,1,UADS,AZ,nest6,32.25526,#FIELD!,10.7.2018,NA,TU48i4A1,115.871,14.692
TU64i4A2,1866,1,H6,Triatoma,sample,N,N,field,Trubida,L4,L4_6,NA,yes,2,UADS,AZ,nest8,32.25219,#FIELD!,11.7.2018,NA,TU64i4A2,64.869,11.682
TU74i4A1,4389,1,G7,Triatoma,sample,N,N,field,Trubida,L4,L4_6,NA,yes,1,UADS,AZ,nest11,32.25219,#FIELD!,12.7.2018,NA,TU74i4A1,51.203,18.93
TU2i4A3,8158,2,F6,Triatoma,sample,N,N,field,Trubida,L4,L4_6,NA,yes,3,UADS,AZ,nest2,32.25735,#FIELD!,8.7.2018,NA,TU2i4A3,31.836,26.671
TU36i4A3,10015,2,H7,Triatoma,sample,N,N,field,Trubida,L4,L4_6,NA,yes,3,UADS,AZ,nest4,32.25675,#FIELD!,9.7.2018,NA,TU36i4A3,17.725,30.327
TU36i4B3,3133,2,A8,Triatoma,sample,N,N,field,Trubida,L4,L4_6,NA,yes,3,UADS,AZ,nest4,32.25675,#FIELD!,9.7.2018,NA,TU36i4B3,102.299,9.834
TU36i4C3,7768,2,B8,Triatoma,sample,N,N,field,Trubida,L4,L4_6,NA,yes,3,UADS,AZ,nest4,32.25675,#FIELD!,9.7.2018,NA,TU36i4C3,54.725,13.741
TU37i4A3,3836,2,C8,Triatoma,sample,N,N,field,Trubida,L4,L4_6,NA,yes,3,UADS,AZ,nest4,32.25675,#FIELD!,9.7.2018,NA,TU37i4A3,122.161,15.522
TU3i4A3,1562,2,H6,Triatoma,sample,P,TcMIX,field,Trubida,L4,L4_6,NA,yes,3,UADS,AZ,nest2,32.25735,#FIELD!,8.7.2018,NA,TU3i4A3,37.286,11.28
TU3i4B3,9252,2,A7,Triatoma,sample,P,TcMIX,field,Trubida,L4,L4_6,NA,yes,3,UADS,AZ,nest2,32.25735,#FIELD!,8.7.2018,NA,TU3i4B3,180.777,19.913
TU37i4B3,12834,2,D8,Triatoma,sample,N,N,field,Trubida,L4,L4_6,NA,yes,3,UADS,AZ,nest4,32.25675,#FIELD!,9.7.2018,NA,TU37i4B3,24.591,20.527
TU39i4B1,21579,2,G8,Triatoma,sample,N,N,field,Trubida,L4,L4_6,NA,yes,1,UADS,AZ,nest4,32.25675,#FIELD!,9.7.2018,NA,TU39i4B1,103.488,30.324
TU30i3B3,1470,2,C7,Triatoma,sample,P,Tc1,field,Trubida,L3,L1_3,NA,yes,3,UADS,AZ,nest3,32.25712,#FIELD!,9.7.2018,NA,TU30i3B3,30.598,16.603
TU30i3C3,4401,2,D7,Triatoma,sample,P,TcMIX,field,Trubida,L3,L1_3,NA,yes,3,UADS,AZ,nest3,32.25712,#FIELD!,9.7.2018,NA,TU30i3C3,48.915,21.177
LC11i2C1,2366,2,A5,Triatoma,sample,N,N,field,Trubida,L2,L1_3,NA,yes,1,LCNCA,AZ,nest2,31.75919,#FIELD!,2.7.2018,NA,LC11i2C1,26.685,41.355
LC11i2D1,1069,2,B5,Triatoma,sample,N,N,field,Trubida,L2,L1_3,NA,yes,1,LCNCA,AZ,nest2,31.75919,#FIELD!,2.7.2018,NA,LC11i2D1,32.405,20.944
TU39i4C1,6344,2,H8,Triatoma,sample,N,N,field,Trubida,L4,L4_6,NA,yes,1,UADS,AZ,nest4,32.25675,#FIELD!,9.7.2018,NA,TU39i4C1,31.592,23.717
TU54i4A3,36705,2,B10,Triatoma,sample,N,N,field,Trubida,L4,L4_6,NA,yes,3,UADS,AZ,nest7,32.2536,#FIELD!,10.7.2018,NA,TU54i4A3,260.142,23.1
TU54i4B2,23438,2,C10,Triatoma,sample,N,N,field,Trubida,L4,L4_6,NA,yes,2,UADS,AZ,nest7,32.2536,#FIELD!,10.7.2018,NA,TU54i4B2,118.27,27.985
TU55i4A1,5442,2,D10,Triatoma,sample,N,N,field,Trubida,L4,L4_6,NA,yes,1,UADS,AZ,nest7,32.2536,#FIELD!,10.7.2018,NA,TU55i4A1,65.5,17.751
TU55i4B1,6101,2,E10,Triatoma,sample,N,N,field,Trubida,L4,L4_6,NA,yes,1,UADS,AZ,nest7,32.2536,#FIELD!,10.7.2018,NA,TU55i4B1,41.583,22.123
TU55i4C1,3056,2,F10,Triatoma,sample,N,N,field,Trubida,L4,L4_6,NA,yes,1,UADS,AZ,nest7,32.2536,#FIELD!,10.7.2018,NA,TU55i4C1,36.094,17.02
TU55i4D1,3772,2,G10,Triatoma,sample,N,N,field,Trubida,L4,L4_6,NA,yes,1,UADS,AZ,nest7,32.2536,#FIELD!,10.7.2018,NA,TU55i4D1,59.766,17.828
TU42i3A1,553,1,A5,Triatoma,sample,N,N,field,Trubida,L3,L1_3,NA,yes,1,UADS,AZ,nest4,32.25675,#FIELD!,9.7.2018,NA,TU42i3A1,28.344,9.277
TU73i3A0,945,1,F7,Triatoma,sample,N,N,field,Trubida,L3,L1_3,NA,no,0,UADS,AZ,nest10,32.25457,#FIELD!,11.7.2018,NA,TU73i3A0,10.198,18.391
TU41i3A2,100,2,C9,Triatoma,sample,N,N,field,Trubida,L3,L1_3,NA,yes,2,UADS,AZ,nest4,32.25675,#FIELD!,9.7.2018,NA,TU41i3A2,363.304,27.179
TU56i3A3,272,2,H10,Triatoma,sample,N,N,field,Trubida,L3,L1_3,NA,yes,3,UADS,AZ,nest7,32.2536,#FIELD!,10.7.2018,NA,TU56i3A3,48.495,43.552
TU57i3C1,463,2,E11,Triatoma,sample,N,N,field,Trubida,L3,L1_3,NA,yes,1,UADS,AZ,nest7,32.2536,#FIELD!,10.7.2018,NA,TU57i3C1,41.421,9.072
LC28i2A1,3922,2,G5,Triatoma,sample,N,N,field,Trubida,L2,L1_3,NA,yes,1,LCNCA,AZ,nest4,31.76091,#FIELD!,6.7.2018,NA,LC28i2A1,10.952,21.179
TU57i3D1,686,2,F11,Triatoma,sample,N,N,field,Trubida,L3,L1_3,NA,yes,1,UADS,AZ,nest7,32.2536,#FIELD!,10.7.2018,NA,TU57i3D1,42.873,19.523
TU4i3A3,4103,1,B1,Triatoma,sample,N,N,field,Trubida,L3,L1_3,NA,yes,3,UADS,AZ,nest2,32.25735,#FIELD!,8.7.2018,NA,TU4i3A3,32.415,17.917
LC28i2B2,7702,2,H5,Triatoma,sample,N,N,field,Trubida,L2,L1_3,NA,yes,2,LCNCA,AZ,nest4,31.76091,#FIELD!,6.7.2018,NA,LC28i2B2,40.224,34.367
LC28i2C2,7288,2,A6,Triatoma,sample,N,N,field,Trubida,L2,L1_3,NA,yes,2,LCNCA,AZ,nest4,31.76091,#FIELD!,6.7.2018,NA,LC28i2C2,19.386,15.433
TU5i4A1,12961,1,C1,Triatoma,sample,N,N,field,Trubida,L3,L1_3,NA,yes,1,UADS,AZ,nest2,32.25735,#FIELD!,8.7.2018,NA,TU5i4A1,110.098,51.886
TU65i3A2,1206,1,A7,Triatoma,sample,N,N,field,Trubida,L3,L1_3,NA,yes,2,UADS,AZ,nest8,32.25219,#FIELD!,11.7.2018,NA,TU65i3A2,NA,10.15
TU67i3A2,3192,1,C7,Triatoma,sample,N,N,field,Trubida,L3,L1_3,NA,yes,2,UADS,AZ,nest8,32.25219,#FIELD!,11.7.2018,NA,TU67i3A2,18.577,12.221
TU30i3A3,2500,2,B7,Triatoma,sample,N,N,field,Trubida,L3,L1_3,NA,yes,3,UADS,AZ,nest3,32.25712,#FIELD!,9.7.2018,NA,TU30i3A3,82.71,17.02
TU30i3D3,14657,2,E7,Triatoma,sample,N,N,field,Trubida,L3,L1_3,NA,yes,3,UADS,AZ,nest3,32.25712,#FIELD!,9.7.2018,NA,TU30i3D3,75.374,25.19
TU30i3E3,2297,2,F7,Triatoma,sample,N,N,field,Trubida,L3,L1_3,NA,yes,3,UADS,AZ,nest3,32.25712,#FIELD!,9.7.2018,NA,TU30i3E3,58.111,22.769
TU30i3F3,17875,2,G7,Triatoma,sample,N,N,field,Trubida,L3,L1_3,NA,yes,3,UADS,AZ,nest3,32.25712,#FIELD!,9.7.2018,NA,TU30i3F3,17.484,27.537
TU40i3A3,2422,2,A9,Triatoma,sample,N,N,field,Trubida,L3,L1_3,NA,yes,3,UADS,AZ,nest4,32.25675,#FIELD!,9.7.2018,NA,TU40i3A3,183.608,17.023
T47,46348,LAST,D1,Triatoma,sample,P,NA,field,Trubida,L6,L4_6,female,NA,NA,SaguaroW,AZ,houseIO,NA,NA,2016,NA,T47,399.166,38.606
TU40i3B3,2792,2,B9,Triatoma,sample,N,N,field,Trubida,L3,L1_3,NA,yes,3,UADS,AZ,nest4,32.25675,#FIELD!,9.7.2018,NA,TU40i3B3,39.057,23.951
T49,56464,LAST,F1,Triatoma,sample,P,NA,field,Trubida,L6,L4_6,female,NA,NA,SaguaroW,AZ,houseIO,NA,NA,2017,NA,T49,155.626,37.417
T50,71410,LAST,G1,Triatoma,sample,P,NA,field,Trubida,L6,L4_6,male,NA,NA,SaguaroW,AZ,houseIO,NA,NA,2017,NA,T50,148.689,45.005
T51,93757,LAST,H1,Triatoma,sample,P,NA,field,Trubida,L6,L4_6,female,NA,NA,SaguaroW,AZ,houseIO,NA,NA,2017,NA,T51,177.235,42.928
T52,19503,LAST,A2,Triatoma,sample,P,NA,field,Trubida,L6,L4_6,male,NA,NA,SaguaroW,AZ,houseIO,NA,NA,2017,NA,T52,121.954,15.429
TU41i3B2,1860,2,D9,Triatoma,sample,N,N,field,Trubida,L3,L1_3,NA,yes,2,UADS,AZ,nest4,32.25675,#FIELD!,9.7.2018,NA,TU41i3B2,213.252,18.218
TU50i3B3,19962,2,H9,Triatoma,sample,N,N,field,Trubida,L3,L1_3,NA,yes,3,UADS,AZ,nest6,32.25526,#FIELD!,10.7.2018,NA,TU50i3B3,68.514,43.749
TU56i3C3,5433,2,B11,Triatoma,sample,N,N,field,Trubida,L3,L1_3,NA,yes,3,UADS,AZ,nest7,32.2536,#FIELD!,10.7.2018,NA,TU56i3C3,10.921,14.175
TU57i3A1,2891,2,C11,Triatoma,sample,N,N,field,Trubida,L3,L1_3,NA,yes,1,UADS,AZ,nest7,32.2536,#FIELD!,10.7.2018,NA,TU57i3A1,25.491,14.095
B110,15135,NIC,C7,Triatoma,sample,P,NA,field,Trubida,L6,L4_6,male,NA,NA,Bisbee,AZ,houseIO,NA,NA,2017,NA,B110,67.01,8.749
TU57i3B1,5293,2,D11,Triatoma,sample,N,N,field,Trubida,L3,L1_3,NA,yes,1,UADS,AZ,nest7,32.2536,#FIELD!,10.7.2018,NA,TU57i3B1,91.535,19.441
B112,3280,NIC,E7,Triatoma,sample,P,NA,field,Trubida,L6,L4_6,female,NA,NA,Bisbee,AZ,houseIO,NA,NA,2017,NA,B112,251.235,48.676
B119,18834,NIC,F7,Triatoma,sample,P,NA,field,Trubida,L6,L4_6,male,NA,NA,Bisbee,AZ,houseIO,NA,NA,2016,NA,B119,65.565,21.92
TU51i2A2,703,1,H5,Triatoma,sample,N,N,field,Trubida,L2,L1_3,NA,yes,2,UADS,AZ,nest6,32.25526,#FIELD!,10.7.2018,NA,TU51i2A2,33.924,10.958
B121,3454,NIC,G7,Triatoma,sample,P,NA,field,Trubida,L6,L4_6,male,NA,NA,Bisbee,AZ,houseIO,NA,NA,2016,NA,B121,170.5,6.164
B126,17327,NIC,H7,Triatoma,sample,P,NA,field,Trubida,L6,L4_6,female,NA,NA,Bisbee,AZ,houseIO,NA,NA,2017,NA,B126,62.15,14.517
B127,13891,NIC,A8,Triatoma,sample,P,NA,field,Trubida,L6,L4_6,female,NA,NA,Bisbee,AZ,houseIO,NA,NA,2017,NA,B127,177.415,35.233
B13,49429,NIC,E4,Triatoma,sample,P,NA,field,Trubida,L6,L4_6,male,NA,NA,Bisbee,AZ,houseIO,NA,NA,2017,NA,B13,344.54,50.756
B132,45082,NIC,B8,Triatoma,sample,P,NA,field,Trubida,L6,L4_6,female,NA,NA,Bisbee,AZ,houseIO,NA,NA,2017,NA,B132,117.59,67.595
B135,30253,NIC,C8,Triatoma,sample,P,NA,field,Trubida,L6,L4_6,male,NA,NA,Bisbee,AZ,houseIO,NA,NA,2017,NA,B135,104.61,46.893
TU68i2B2,736,2,D12,Triatoma,sample,N,N,field,Trubida,L2,L1_3,NA,yes,2,UADS,AZ,nest8,32.25219,#FIELD!,11.7.2018,NA,TU68i2B2,45.255,14.631
LC2i2A2,1888,2,E1,Triatoma,sample,N,N,field,Trubida,L2,L1_3,NA,yes,2,LCNCA,AZ,nest1,31.75895,#FIELD!,2.7.2018,NA,LC2i2A2,44.983,24.466
LC2i2C2,3878,2,G1,Triatoma,sample,N,N,field,Trubida,L2,L1_3,NA,yes,2,LCNCA,AZ,nest1,31.75895,#FIELD!,2.7.2018,NA,LC2i2C2,41.267,39.655
LC2i2D2,2946,2,H1,Triatoma,sample,N,N,field,Trubida,L2,L1_3,NA,yes,2,LCNCA,AZ,nest1,31.75895,#FIELD!,2.7.2018,NA,LC2i2D2,25.386,34.522
LC2i2E1,5594,2,A2,Triatoma,sample,N,N,field,Trubida,L2,L1_3,NA,yes,1,LCNCA,AZ,nest1,31.75895,#FIELD!,2.7.2018,NA,LC2i2E1,57.294,32.977
B161,21152,NIC,D8,Triatoma,sample,P,NA,field,Trubida,L6,L4_6,female,NA,NA,Bisbee,AZ,houseIO,NA,NA,2017,NA,B161,125.49,51.22
LC33i2A3,1711,2,B6,Triatoma,sample,N,N,field,Trubida,L2,L1_3,NA,yes,3,LCNCA,AZ,nest5,31.76432,#FIELD!,6.7.2018,NA,LC33i2A3,132.827,12.875
LC33i2B3,4545,2,C6,Triatoma,sample,N,N,field,Trubida,L2,L1_3,NA,yes,3,LCNCA,AZ,nest5,31.76432,#FIELD!,6.7.2018,NA,LC33i2B3,86.715,11.673
LC33i2C3,1978,2,D6,Triatoma,sample,N,N,field,Trubida,L2,L1_3,NA,yes,3,LCNCA,AZ,nest5,31.76432,#FIELD!,6.7.2018,NA,LC33i2C3,136.092,15.911
B168,28967,NIC,G8,Triatoma,sample,P,NA,field,Trubida,L6,L4_6,female,NA,NA,Bisbee,AZ,houseIO,NA,NA,2017,NA,B168,79.2,66.06
LC7i2A2,7822,2,F3,Triatoma,sample,N,N,field,Trubida,L2,L1_3,NA,yes,2,LCNCA,AZ,nest1,31.75895,#FIELD!,2.7.2018,NA,LC7i2A2,19.847,15.504
B20,28525,NIC,B5,Triatoma,sample,P,NA,field,Trubida,L6,L4_6,male,NA,NA,Bisbee,AZ,houseIO,NA,NA,2017,NA,B20,63.81,44.552
LC7i2B2,3706,2,G3,Triatoma,sample,N,N,field,Trubida,L2,L1_3,NA,yes,2,LCNCA,AZ,nest1,31.75895,#FIELD!,2.7.2018,NA,LC7i2B2,19.85,23.85
LC7i2C2,2835,2,H3,Triatoma,sample,N,N,field,Trubida,L2,L1_3,NA,yes,2,LCNCA,AZ,nest1,31.75895,#FIELD!,2.7.2018,NA,LC7i2C2,1.45,15.021
B23,6067,NIC,E5,Triatoma,sample,P,NA,field,Trubida,L6,L4_6,male,NA,NA,Bisbee,AZ,houseIO,NA,NA,2017,NA,B23,358.68,43.759
B24,16850,NIC,F5,Triatoma,sample,P,NA,field,Trubida,L6,L4_6,male,NA,NA,Bisbee,AZ,houseIO,NA,NA,2017,NA,B24,319.39,43.556
B25,6813,NIC,G5,Triatoma,sample,P,NA,field,Trubida,L6,L4_6,female,NA,NA,Bisbee,AZ,houseIO,NA,NA,2017,NA,B25,203.995,29.94
LC10i1A1,214,2,B4,Triatoma,sample,N,N,field,Trubida,L1,L1_3,NA,yes,1,LCNCA,AZ,nest2,31.75919,#FIELD!,2.7.2018,NA,LC10i1A1,37.052,8.156
LC10i1B1,275,2,C4,Triatoma,sample,N,N,field,Trubida,L1,L1_3,NA,yes,1,LCNCA,AZ,nest2,31.75919,#FIELD!,2.7.2018,NA,LC10i1B1,18.329,6.935
B28,17724,NIC,B6,Triatoma,sample,P,NA,field,Trubida,L6,L4_6,male,NA,NA,Bisbee,AZ,houseIO,NA,NA,2017,NA,B28,86.585,37.704
B29,2188,NIC,C6,Triatoma,sample,P,NA,field,Trubida,L6,L4_6,male,NA,NA,Bisbee,AZ,houseIO,NA,NA,2017,NA,B29,552.455,7.404
LC10i1C1,499,2,D4,Triatoma,sample,N,N,field,Trubida,L1,L1_3,NA,yes,1,LCNCA,AZ,nest2,31.75919,#FIELD!,2.7.2018,NA,LC10i1C1,18.921,10.433
LC10i1D1,130,2,E4,Triatoma,sample,N,N,field,Trubida,L1,L1_3,NA,yes,1,LCNCA,AZ,nest2,31.75919,#FIELD!,2.7.2018,NA,LC10i1D1,19.81,11.037
LC10i1E1,77,2,F4,Triatoma,sample,N,N,field,Trubida,L1,L1_3,NA,yes,1,LCNCA,AZ,nest2,31.75919,#FIELD!,2.7.2018,NA,LC10i1E1,17.508,6.717
LC5i1A3,977,2,B3,Triatoma,sample,N,N,field,Trubida,L1,L1_3,NA,yes,3,LCNCA,AZ,nest1,31.75895,#FIELD!,2.7.2018,NA,LC5i1A3,32.911,9.512
TU60i2A3,2006,2,G11,Triatoma,sample,N,N,field,Trubida,L2,L1_3,NA,yes,3,UADS,AZ,nest7,32.2536,#FIELD!,10.7.2018,NA,TU60i2A3,56.443,15.518
TU60i2B3,1061,2,H11,Triatoma,sample,N,N,field,Trubida,L2,L1_3,NA,yes,3,UADS,AZ,nest7,32.2536,#FIELD!,10.7.2018,NA,TU60i2B3,54.033,18.704
TU60i2C3,3662,2,A12,Triatoma,sample,N,N,field,Trubida,L2,L1_3,NA,yes,3,UADS,AZ,nest7,32.2536,#FIELD!,10.7.2018,NA,TU60i2C3,29.608,25.953
TU60i2D2,17688,2,B12,Triatoma,sample,N,N,field,Trubida,L2,L1_3,NA,yes,2,UADS,AZ,nest7,32.2536,#FIELD!,10.7.2018,NA,TU60i2D2,186.596,27.674
TU68i2A2,1303,2,C12,Triatoma,sample,N,N,field,Trubida,L2,L1_3,NA,yes,2,UADS,AZ,nest8,32.25219,#FIELD!,11.7.2018,NA,TU68i2A2,24.462,17.189
TU68i2C2,2172,2,E12,Triatoma,sample,N,N,field,Trubida,L2,L1_3,NA,yes,2,UADS,AZ,nest8,32.25219,#FIELD!,11.7.2018,NA,TU68i2C2,31.933,15.95
TU68i2D2,3924,2,F12,Triatoma,sample,N,N,field,Trubida,L2,L1_3,NA,yes,2,UADS,AZ,nest8,32.25219,#FIELD!,11.7.2018,NA,TU68i2D2,7.654,17.019
LC1i1A2,3594,2,A1,Triatoma,sample,N,N,field,Trubida,L1,L1_3,NA,yes,2,LCNCA,AZ,nest1,31.75895,#FIELD!,2.7.2018,NA,LC1i1A2,251.331,14.343
LC1i1B2,1632,2,B1,Triatoma,sample,N,N,field,Trubida,L1,L1_3,NA,yes,2,LCNCA,AZ,nest1,31.75895,#FIELD!,2.7.2018,NA,LC1i1B2,109.904,27.332
LC1i1C0,1834,2,C1,Triatoma,sample,N,N,field,Trubida,L1,L1_3,NA,no,0,LCNCA,AZ,nest1,31.75895,#FIELD!,2.7.2018,NA,LC1i1C0,9.401,18.786
T19,29737,NIC,B10,Triatoma,sample,P,NA,field,Trubida,L6,L4_6,male,NA,NA,Catalina Fothills,AZ,houseIO,NA,NA,2017,NA,T19,60.88,61.356
T2,2232,NIC,A9,Triatoma,sample,P,NA,field,Trubida,L6,L4_6,female,NA,NA,TucsonN,AZ,houseIO,NA,NA,2016,NA,T2,139.33,28.372
T20,40001,NIC,C10,Triatoma,sample,P,NA,field,Trubida,L6,L4_6,male,NA,NA,Catalina Fothills,AZ,houseIO,NA,NA,2017,NA,T20,129.55,50.971
T21,27843,NIC,D10,Triatoma,sample,P,NA,field,Trubida,L6,L4_6,female,NA,NA,Catalina Fothills,AZ,houseIO,NA,NA,2017,NA,T21,27.205,17.817
T22,9222,NIC,E10,Triatoma,sample,P,NA,field,Trubida,L6,L4_6,female,NA,NA,Catalina Fothills,AZ,houseIO,NA,NA,2017,NA,T22,83.325,28.482
T25,663,NIC,H10,Triatoma,sample,P,NA,field,Trubida,L6,L4_6,male,NA,NA,TucsonN,AZ,houseIO,NA,NA,2017,NA,T25,145.15,28.949
LC1i1D0,1390,2,D1,Triatoma,sample,N,N,field,Trubida,L1,L1_3,NA,no,0,LCNCA,AZ,nest1,31.75895,#FIELD!,2.7.2018,NA,LC1i1D0,11.911,21.359
LC4i1A0,2841,2,G2,Triatoma,sample,N,N,field,Trubida,L1,L1_3,NA,no,0,LCNCA,AZ,nest1,31.75895,#FIELD!,2.7.2018,NA,LC4i1A0,17.136,20.536
T28,35599,NIC,B11,Triatoma,sample,P,NA,field,Trubida,L6,L4_6,female,NA,NA,TucsonN,AZ,houseIO,NA,NA,2017,NA,T28,103.15,40.825
LC4i1B0,1578,2,H2,Triatoma,sample,N,N,field,Trubida,L1,L1_3,NA,no,0,LCNCA,AZ,nest1,31.75895,#FIELD!,2.7.2018,NA,LC4i1B0,15.358,21.177
LC4i1C0,1947,2,A3,Triatoma,sample,N,N,field,Trubida,L1,L1_3,NA,no,0,LCNCA,AZ,nest1,31.75895,#FIELD!,2.7.2018,NA,LC4i1C0,67.929,12.117
T30,15456,NIC,D11,Triatoma,sample,P,NA,field,Trubida,L6,L4_6,male,NA,NA,Catalina,AZ,houseIO,NA,NA,2017,NA,T30,148.8,27.009
T34,15016,NIC,H11,Triatoma,sample,P,NA,field,Trubida,L6,L4_6,male,NA,NA,Catalina,AZ,houseIO,NA,NA,2017,NA,T34,134.285,42.474
T35,752,NIC,A12,Triatoma,sample,P,NA,field,Trubida,L6,L4_6,female,NA,NA,Catalina,AZ,houseIO,NA,NA,2017,NA,T35,106.495,36.241
T36,24372,NIC,B12,Triatoma,sample,P,NA,field,Trubida,L6,L4_6,female,NA,NA,Catalina,AZ,houseIO,NA,NA,2017,NA,T36,206.95,17.578
LC5i1B3,1056,2,C3,Triatoma,sample,N,N,field,Trubida,L1,L1_3,NA,yes,3,LCNCA,AZ,nest1,31.75895,#FIELD!,2.7.2018,NA,LC5i1B3,74.959,13.173
LC5i1D3,1220,2,E3,Triatoma,sample,N,N,field,Trubida,L1,L1_3,NA,yes,3,LCNCA,AZ,nest1,31.75895,#FIELD!,2.7.2018,NA,LC5i1D3,21.639,13.664
T6,248,NIC,C9,Triatoma,sample,N,NA,field,Trubida,L6,L4_6,female,NA,NA,Tucson,AZ,houseIO,NA,NA,2017,NA,T6,19.31,31.358
1L03A,8137,REP,C4,Triatoma,sample,N,N,field,Tsanguisuga,L4,L4_6,NA,no,NA,Lackland_AFB,TX,0,29.37695,#FIELD!,6/30/2017,NA,1L03A,NA,58.873
1L04A,14357,REP,D4,Triatoma,sample,N,N,field,Tsanguisuga,L4,L4_6,NA,no,NA,Lackland_AFB,TX,0,29.37695,#FIELD!,6/30/2017,NA,1L04A,NA,65.912
1L05A,3736,REP,E4,Triatoma,sample,N,N,field,Tsanguisuga,L4,L4_6,NA,no,NA,Lackland_AFB,TX,0,29.37695,#FIELD!,6/30/2017,NA,1L05A,NA,64.173
1L07A,10423,REP,E3,Triatoma,sample,N,N,field,Tsanguisuga,L5,L4_6,NA,no,NA,Lackland_AFB,TX,0,29.37695,#FIELD!,6/30/2017,NA,1L07A,NA,53.522
1L08A,7168,REP,F3,Triatoma,sample,N,N,field,Tsanguisuga,L5,L4_6,NA,no,NA,Lackland_AFB,TX,0,29.37695,#FIELD!,6/30/2017,NA,1L08A,NA,46.81
1L09A,7394,REP,G3,Triatoma,sample,N,N,field,Tsanguisuga,L5,L4_6,NA,no,NA,Lackland_AFB,TX,0,29.37695,#FIELD!,6/30/2017,NA,1L09A,NA,72.645
1L13A,8435,REP,E5,Triatoma,sample,N,N,field,Tsanguisuga,L3,L1_3,NA,no,NA,Lackland_AFB,TX,0,29.37695,#FIELD!,6/30/2017,NA,1L13A,NA,56.542
1W02A,28651,REP,H4,Triatoma,sample,P,Tc1,field,Tsanguisuga,L3_4,L3_4,NA,NA,NA,Camp_Bullis,TX,0,NA,NA,NA,NA,1W02A,NA,80.957
1W03A,6778,REP,A5,Triatoma,sample,P,Tc1,field,Tsanguisuga,L3_4,L3_4,NA,NA,NA,AFB,TX,0,NA,NA,NA,NA,1W03A,NA,58.566
1W06A,4605,REP,B5,Triatoma,sample,N,N,field,Tsanguisuga,L3_4,L3_4,NA,NA,NA,AFB,TX,0,NA,NA,NA,NA,1W06A,NA,52.433
2W02A,17294,REP,H3,Triatoma,sample,P,Tc1,field,Tsanguisuga,L5,L4_6,NA,NA,NA,AFB,TX,0,NA,NA,NA,NA,2W02A,NA,60.237
2W03A,19666,REP,A4,Triatoma,sample,N,N,field,Tsanguisuga,L5,L4_6,NA,NA,NA,Lackland_AFB,TX,0,NA,NA,NA,NA,2W03A,NA,79.245
3L04A,2517,REP,B3,Triatoma,sample,P,Tc1,field,Tsanguisuga,L6,L4_6,male,no,NA,Lackland_AFB,TX,0,NA,NA,6/30/2017,NA,3L04A,NA,32.341
3L05A,6120,REP,C3,Triatoma,sample,P,TcMIX,field,Tsanguisuga,L6,L4_6,female,no,NA,Lackland_AFB,TX,0,NA,NA,6/30/2017,NA,3L05A,NA,33.937
3L06A,2148,REP,D3,Triatoma,sample,P,TcMIX,field,Tsanguisuga,L6,L4_6,female,no,NA,Lackland_AFB,TX,0,NA,NA,6/30/2017,NA,3L06A,NA,36.29
3W05A,12572,REP,B4,Triatoma,sample,N,N,field,Tsanguisuga,L5,L4_6,NA,NA,NA,AFB,TX,0,NA,NA,NA,NA,3W05A,NA,63.635
3W06A,11939,REP,C5,Triatoma,sample,P,TcMIX,field,Tsanguisuga,L3_4,L3_4,NA,NA,NA,AFB,TX,0,NA,NA,NA,NA,3W06A,NA,68.621
3W07A,11201,REP,D5,Triatoma,sample,N,N,field,Tsanguisuga,L3_4,L3_4,NA,NA,NA,AFB,TX,0,NA,NA,NA,NA,3W07A,NA,31.719
3W08A,4634,REP,F4,Triatoma,sample,N,N,field,Tsanguisuga,L4,L4_6,NA,NA,NA,AFB,TX,0,NA,NA,NA,NA,3W08A,NA,56.111
3W09A,5664,REP,G4,Triatoma,sample,N,N,field,Tsanguisuga,L4,L4_6,NA,NA,NA,AFB,TX,0,NA,NA,NA,NA,3W09A,NA,76.747
4L04A,25642,REP,F5,Triatoma,sample,N,N,field,Tsanguisuga,L3,L1_3,NA,yes,NA,Lackland_AFB,TX,0,NA,NA,6/30/2017,NA,4L04A,NA,61.664
4L05A,11201,REP,G5,Triatoma,sample,N,N,field,Tsanguisuga,L3,L1_3,NA,no,NA,Lackland_AFB,TX,0,NA,NA,6/30/2017,NA,4L05A,NA,46.452
4L06A,28141,REP,D6,Triatoma,sample,P,TcMIX,field,Tsanguisuga,L2,L1_3,NA,yes,NA,Lackland_AFB,TX,0,NA,NA,6/30/2017,NA,4L06A,NA,48.818
4L07A,20253,REP,H5,Triatoma,sample,N,N,field,Tsanguisuga,L3,L1_3,NA,no,NA,Lackland_AFB,TX,0,NA,NA,6/30/2017,NA,4L07A,NA,41.478
4L08A,13474,REP,A6,Triatoma,sample,P,Tc1,field,Tsanguisuga,L3,L1_3,NA,yes,NA,Lackland_AFB,TX,0,NA,NA,6/30/2017,NA,4L08A,NA,32.9